{
  "config": {
    "model": "meta-llama/Llama-3.3-70B-Instruct",
    "input_base_name": "Llama-3.3-70B-Instruct_PopMC_0_difficulty_filtered",
    "metric": "top_logit",
    "meta_task": "delegate",
    "num_questions": 100,
    "multipliers": [
      -3.0,
      -2.0,
      -1.0,
      0.0,
      1.0,
      2.0,
      3.0
    ],
    "positions_completed": [
      "final"
    ]
  },
  "by_position": {
    "final": {
      "mean_diff": {
        "per_layer": {
          "28": {
            "baseline_correlation": 0.29934549322534687,
            "baseline_confidence_mean": 0.7838620859384536,
            "introspection_slope": 0.012210992042507376,
            "control_slope_mean": 0.0009577479353972758,
            "control_slope_std": 0.011875881573709382,
            "p_value_pooled": 0.4318936877076412,
            "effect_size_z": 0.3635946900531882,
            "sign_matches_expected": true,
            "intro_mean_conf_by_mult": {
              "-3.0": 0.734284560084343,
              "-2.0": 0.7549390226602555,
              "-1.0": 0.7712109524011612,
              "0.0": 0.7838620859384536,
              "1.0": 0.793636018037796,
              "2.0": 0.8015754294395446,
              "3.0": 0.809687859416008
            },
            "ctrl_mean_conf_by_mult": {
              "-3.0": 0.7724124607086181,
              "-2.0": 0.7782562630414963,
              "-1.0": 0.7819639193296433,
              "0.0": 0.7838620859384536,
              "1.0": 0.7839900326251984,
              "2.0": 0.7821830990552903,
              "3.0": 0.7780581796646118
            },
            "p_value_fdr": 0.5182724252491695
          },
          "29": {
            "baseline_correlation": 0.29934549322534687,
            "baseline_confidence_mean": 0.7838620859384536,
            "introspection_slope": 0.026997283739703025,
            "control_slope_mean": 0.0021807028353214145,
            "control_slope_std": 0.011603513091409895,
            "p_value_pooled": 0.07641196013289037,
            "effect_size_z": 2.493840252917539,
            "sign_matches_expected": true,
            "intro_mean_conf_by_mult": {
              "-3.0": 0.6852839928865433,
              "-2.0": 0.7193604850769043,
              "-1.0": 0.7528631955385208,
              "0.0": 0.7838620859384536,
              "1.0": 0.8106369185447693,
              "2.0": 0.8302736395597458,
              "3.0": 0.8440586304664612
            },
            "ctrl_mean_conf_by_mult": {
              "-3.0": 0.7571593878269196,
              "-2.0": 0.7703066479444504,
              "-1.0": 0.7793931470394134,
              "0.0": 0.7838620859384536,
              "1.0": 0.7835807389974594,
              "2.0": 0.7789363897562027,
              "3.0": 0.7703635890960694
            },
            "p_value_fdr": 0.132890365448505
          },
          "30": {
            "baseline_correlation": 0.29934549322534687,
            "baseline_confidence_mean": 0.7838620859384536,
            "introspection_slope": 0.05154629683920318,
            "control_slope_mean": -0.001993698253801893,
            "control_slope_std": 0.011350833609176457,
            "p_value_pooled": 0.0033222591362126247,
            "effect_size_z": 5.825102151506958,
            "sign_matches_expected": true,
            "intro_mean_conf_by_mult": {
              "-3.0": 0.6238143956661224,
              "-2.0": 0.669923933148384,
              "-1.0": 0.7251814126968383,
              "0.0": 0.7838620859384536,
              "1.0": 0.8393600708246232,
              "2.0": 0.8863731253147126,
              "3.0": 0.9225541520118713
            },
            "ctrl_mean_conf_by_mult": {
              "-3.0": 0.7786152392148972,
              "-2.0": 0.7829844646692276,
              "-1.0": 0.7846649448871612,
              "0.0": 0.7838620859384536,
              "1.0": 0.7804152132511138,
              "2.0": 0.7747384464740753,
              "3.0": 0.7669213115215302
            },
            "p_value_fdr": 0.03986710963455149
          },
          "31": {
            "baseline_correlation": 0.29934549322534687,
            "baseline_confidence_mean": 0.7838620859384536,
            "introspection_slope": 0.046005612654345385,
            "control_slope_mean": -0.0002661450564861229,
            "control_slope_std": 0.015087234988657936,
            "p_value_pooled": 0.0033222591362126247,
            "effect_size_z": 5.2215051528028615,
            "sign_matches_expected": true,
            "intro_mean_conf_by_mult": {
              "-3.0": 0.6432786101102829,
              "-2.0": 0.6831382811069489,
              "-1.0": 0.7312468725442887,
              "0.0": 0.7838620859384536,
              "1.0": 0.8333317244052887,
              "2.0": 0.8751329928636551,
              "3.0": 0.9106395697593689
            },
            "ctrl_mean_conf_by_mult": {
              "-3.0": 0.7737388449192047,
              "-2.0": 0.7791923397541046,
              "-1.0": 0.7827647109270096,
              "0.0": 0.7838620859384536,
              "1.0": 0.7820939277410507,
              "2.0": 0.7779123319387435,
              "3.0": 0.7723317573308944
            },
            "p_value_fdr": 0.03986710963455149
          },
          "32": {
            "baseline_correlation": 0.29934549322534687,
            "baseline_confidence_mean": 0.7838620859384536,
            "introspection_slope": 0.058843288528067736,
            "control_slope_mean": -0.0014462006109101512,
            "control_slope_std": 0.012802281498385545,
            "p_value_pooled": 0.0033222591362126247,
            "effect_size_z": 6.326260210973557,
            "sign_matches_expected": true,
            "intro_mean_conf_by_mult": {
              "-3.0": 0.6256292778253555,
              "-2.0": 0.6703417474031448,
              "-1.0": 0.722938204407692,
              "0.0": 0.7838620859384536,
              "1.0": 0.8529331225156784,
              "2.0": 0.9187210536003113,
              "3.0": 0.9659154605865479
            },
            "ctrl_mean_conf_by_mult": {
              "-3.0": 0.7773724057435989,
              "-2.0": 0.7817755500555038,
              "-1.0": 0.7840362740278244,
              "0.0": 0.7838620859384536,
              "1.0": 0.7809816526412964,
              "2.0": 0.7759059708118439,
              "3.0": 0.7688057933330535
            },
            "p_value_fdr": 0.03986710963455149
          },
          "33": {
            "baseline_correlation": 0.29934549322534687,
            "baseline_confidence_mean": 0.7838620859384536,
            "introspection_slope": 0.052182026186159684,
            "control_slope_mean": -0.0007715613126754781,
            "control_slope_std": 0.01402056499295973,
            "p_value_pooled": 0.0033222591362126247,
            "effect_size_z": 5.070021788229126,
            "sign_matches_expected": true,
            "intro_mean_conf_by_mult": {
              "-3.0": 0.6455441164970398,
              "-2.0": 0.683120945096016,
              "-1.0": 0.7302398818731308,
              "0.0": 0.7838620859384536,
              "1.0": 0.8404214334487915,
              "2.0": 0.8986333465576172,
              "3.0": 0.952174242734909
            },
            "ctrl_mean_conf_by_mult": {
              "-3.0": 0.7763792354106903,
              "-2.0": 0.7810627355337143,
              "-1.0": 0.7836238060951233,
              "0.0": 0.7838620859384536,
              "1.0": 0.7817209567785263,
              "2.0": 0.777541412615776,
              "3.0": 0.772159828209877
            },
            "p_value_fdr": 0.03986710963455149
          },
          "34": {
            "baseline_correlation": 0.29934549322534687,
            "baseline_confidence_mean": 0.7838620859384536,
            "introspection_slope": 0.052240295708179514,
            "control_slope_mean": 0.001846347110612055,
            "control_slope_std": 0.015280921314061596,
            "p_value_pooled": 0.0033222591362126247,