model,dataset,layer,target,within_r2_natural,within_r2_balanced
base,SimpleMC,0,margin_logit,0.08496752222953274,0.0655350813617045
base,SimpleMC,1,margin_logit,0.11034529354225753,0.08493424057446264
base,SimpleMC,2,margin_logit,0.10329618444918254,0.06894953260125158
base,SimpleMC,3,margin_logit,0.09144433961416831,0.05716863975787623
base,SimpleMC,4,margin_logit,0.10380791583013449,0.09690026169846944
base,SimpleMC,5,margin_logit,0.1092090575334802,0.11467332109052886
base,SimpleMC,6,margin_logit,0.11754625355302728,0.13571591546225625
base,SimpleMC,7,margin_logit,0.12133161943280701,0.1263534314393534
base,SimpleMC,8,margin_logit,0.11691767698184019,0.11855258084088993
base,SimpleMC,9,margin_logit,0.12833882695928667,0.12704355138620604
base,SimpleMC,10,margin_logit,0.16345267253273144,0.15290175644689497
base,SimpleMC,11,margin_logit,0.19172670002287195,0.17881693359284923
base,SimpleMC,12,margin_logit,0.21703426636677936,0.20956229738466536
base,SimpleMC,13,margin_logit,0.3324004288179647,0.34397518028878926
base,SimpleMC,14,margin_logit,0.5392113590025487,0.5477193884033449
base,SimpleMC,15,margin_logit,0.567395385997151,0.5897087016752536
base,SimpleMC,16,margin_logit,0.5752118824907244,0.5932642012731468
base,SimpleMC,17,margin_logit,0.6928045501002134,0.7142824683451545
base,SimpleMC,18,margin_logit,0.6941121355633613,0.7052006021709819
base,SimpleMC,19,margin_logit,0.6981707895485811,0.709412490344471
base,SimpleMC,20,margin_logit,0.7185607267929384,0.7308236181852412
base,SimpleMC,21,margin_logit,0.7250068806054235,0.7204605621290565
base,SimpleMC,22,margin_logit,0.7363820987090666,0.7530569492449527
base,SimpleMC,23,margin_logit,0.7367651514663498,0.7596385828976678
base,SimpleMC,24,margin_logit,0.7365948111621461,0.7594518822185747
base,SimpleMC,25,margin_logit,0.7309519994737506,0.7589100628095259
base,SimpleMC,26,margin_logit,0.7388077730574045,0.7606947254869882
base,SimpleMC,27,margin_logit,0.7398849586349019,0.7598499820590268
base,SimpleMC,28,margin_logit,0.7426790814381619,0.7638102773208681
base,SimpleMC,29,margin_logit,0.734864266948547,0.7607573112713871
base,SimpleMC,30,margin_logit,0.7224355399240432,0.7414310152615369
base,SimpleMC,31,margin_logit,0.6431507038118309,0.6630128351841273
base,SimpleMC,0,margin_prob,0.1150989210329495,0.10070939599868989
base,SimpleMC,1,margin_prob,0.13885414536886065,0.10584711480314024
base,SimpleMC,2,margin_prob,0.13954461761073889,0.10318209066256989
base,SimpleMC,3,margin_prob,0.12868585456817738,0.09251268948332136
base,SimpleMC,4,margin_prob,0.13989999089518101,0.132279590150285
base,SimpleMC,5,margin_prob,0.1416881063019768,0.14494586363275952
base,SimpleMC,6,margin_prob,0.1526391027481928,0.15735509598916164
base,SimpleMC,7,margin_prob,0.14536534100643195,0.16108585401118058
base,SimpleMC,8,margin_prob,0.14014702809690538,0.15403756564123727
base,SimpleMC,9,margin_prob,0.16683312793207195,0.16355064532274044
base,SimpleMC,10,margin_prob,0.20072193931076676,0.18861437652794388
base,SimpleMC,11,margin_prob,0.22747370266542444,0.21654341415662548
base,SimpleMC,12,margin_prob,0.2653274447708016,0.25762183495596136
base,SimpleMC,13,margin_prob,0.3809834258563821,0.38841191383595786
base,SimpleMC,14,margin_prob,0.5853919076407741,0.5830432065714826
base,SimpleMC,15,margin_prob,0.6065587652830238,0.6104559656360123
base,SimpleMC,16,margin_prob,0.6223896631334593,0.6230736134997668
base,SimpleMC,17,margin_prob,0.7242506407161697,0.7345921534811781
base,SimpleMC,18,margin_prob,0.740376546292058,0.7440451833988977
base,SimpleMC,19,margin_prob,0.7465973507817676,0.7511877516113292
base,SimpleMC,20,margin_prob,0.7628414405448973,0.7595030038527243
base,SimpleMC,21,margin_prob,0.762945867938084,0.7622578940199354
base,SimpleMC,22,margin_prob,0.786400096955316,0.7906856991452427
base,SimpleMC,23,margin_prob,0.7889772693941014,0.796672304928823
base,SimpleMC,24,margin_prob,0.7901549555682104,0.7959593203314875
base,SimpleMC,25,margin_prob,0.7874461973019308,0.7942906302082261
base,SimpleMC,26,margin_prob,0.7880411923781229,0.7950258955242724
base,SimpleMC,27,margin_prob,0.7931660275695418,0.7982790141581871
base,SimpleMC,28,margin_prob,0.7933033626650021,0.7974614131565586
base,SimpleMC,29,margin_prob,0.791789124036909,0.7966485482923372
base,SimpleMC,30,margin_prob,0.7824690538463213,0.7774185759410561
base,SimpleMC,31,margin_prob,0.7195265866196684,0.7156618931045239
base,SimpleMC,0,entropy,0.13779435434688558,0.14219652646675662
base,SimpleMC,1,entropy,0.15892938758622366,0.14250654727629597
base,SimpleMC,2,entropy,0.16098282753808357,0.1452538850016729
base,SimpleMC,3,entropy,0.1389622476280724,0.12263755451683289
base,SimpleMC,4,entropy,0.13995198607582093,0.15221158375216293
base,SimpleMC,5,entropy,0.14929014531362161,0.1778646461334017
base,SimpleMC,6,entropy,0.17608780251633105,0.1925701486679433
base,SimpleMC,7,entropy,0.17272676187766578,0.19779636636150166
base,SimpleMC,8,entropy,0.18333811731552063,0.19631880211848918
base,SimpleMC,9,entropy,0.18442077676059576,0.18860112193523704
base,SimpleMC,10,entropy,0.21886531177114454,0.2165342875471803
base,SimpleMC,11,entropy,0.2703778082713634,0.2577581133553929
base,SimpleMC,12,entropy,0.3412547285989591,0.33744389424325094
base,SimpleMC,13,entropy,0.5124261212505631,0.5287032996238819
base,SimpleMC,14,entropy,0.7412162203780969,0.7475106767710957
base,SimpleMC,15,entropy,0.7696012517823566,0.7736962975563003
base,SimpleMC,16,entropy,0.7842069140341597,0.7915380286834507
base,SimpleMC,17,entropy,0.8835064155454897,0.8960390967274726
base,SimpleMC,18,entropy,0.9082131372419097,0.9127104045883151
base,SimpleMC,19,entropy,0.904573166068211,0.9121342441904814
base,SimpleMC,20,entropy,0.916520406119326,0.9226752782917853
base,SimpleMC,21,entropy,0.9165249738058978,0.9231778807666915
base,SimpleMC,22,entropy,0.9316143593189917,0.9398000032467966
base,SimpleMC,23,entropy,0.9359603192379146,0.9424036701447926
base,SimpleMC,24,entropy,0.9404206443126758,0.9455187395396135
base,SimpleMC,25,entropy,0.9403997504331254,0.9444510006455462
base,SimpleMC,26,entropy,0.9386076223315751,0.9427144823382471
base,SimpleMC,27,entropy,0.9417795676339027,0.9473825283151217
base,SimpleMC,28,entropy,0.9450959229579194,0.9477679015448587
base,SimpleMC,29,entropy,0.9494880334683136,0.9531624589783558
base,SimpleMC,30,entropy,0.9443377375706808,0.9491968801375098
base,SimpleMC,31,entropy,0.9029798964002601,0.9163055675447511
base,SimpleMC,0,stated_confidence,0.11859534524850157,0.11249352231141385
base,SimpleMC,1,stated_confidence,0.1647810122722192,0.16786988435008077
base,SimpleMC,2,stated_confidence,0.1999010302259815,0.1982030169566661
base,SimpleMC,3,stated_confidence,0.24274344723178765,0.2567395815645648
base,SimpleMC,4,stated_confidence,0.27758502652634076,0.291996532002918
base,SimpleMC,5,stated_confidence,0.2922705810049425,0.3243141473262767
base,SimpleMC,6,stated_confidence,0.2828476772562264,0.31550095208492623
base,SimpleMC,7,stated_confidence,0.3014590059650144,0.3278375751867717
base,SimpleMC,8,stated_confidence,0.31224957574745105,0.3429838100379087
base,SimpleMC,9,stated_confidence,0.3357052432145201,0.37340586995924796
base,SimpleMC,10,stated_confidence,0.37935595653408594,0.39570592879441846
base,SimpleMC,11,stated_confidence,0.4086203726602208,0.425651966848117
base,SimpleMC,12,stated_confidence,0.44822715303714167,0.4583281136119314
base,SimpleMC,13,stated_confidence,0.4373274538782953,0.4637192735182517
base,SimpleMC,14,stated_confidence,0.4170474387973976,0.4440047379859231
base,SimpleMC,15,stated_confidence,0.4041114166024161,0.42079513869172147
base,SimpleMC,16,stated_confidence,0.39965479745866794,0.42333972967356714
base,SimpleMC,17,stated_confidence,0.3866323411853647,0.3975668613878973
base,SimpleMC,18,stated_confidence,0.41103252140197233,0.4039291071638077
base,SimpleMC,19,stated_confidence,0.4124743694664609,0.40233176557501793
base,SimpleMC,20,stated_confidence,0.41102789084749936,0.4033567206732118
base,SimpleMC,21,stated_confidence,0.4004191808496853,0.39384178780823165
base,SimpleMC,22,stated_confidence,0.391375511913331,0.3791029126167983
base,SimpleMC,23,stated_confidence,0.3946495696195391,0.38749796867874564
base,SimpleMC,24,stated_confidence,0.3891733448292345,0.37537004622562575
base,SimpleMC,25,stated_confidence,0.40882593704937786,0.3936034798984629
base,SimpleMC,26,stated_confidence,0.4053516720132109,0.3920361559120532
base,SimpleMC,27,stated_confidence,0.38404952293188166,0.3701760037797611
base,SimpleMC,28,stated_confidence,0.3932801306869833,0.3803083625622631
base,SimpleMC,29,stated_confidence,0.37314517001217673,0.36595551406753224
base,SimpleMC,30,stated_confidence,0.35022924724368465,0.35538304897736417
base,SimpleMC,31,stated_confidence,0.29306753123756357,0.3050181607170731
base,SimpleMC,0,is_correct,0.674,0.6827731092436975
base,SimpleMC,1,is_correct,0.676,0.6680672268907563
base,SimpleMC,2,is_correct,0.656,0.6848739495798319
base,SimpleMC,3,is_correct,0.652,0.6680672268907563
base,SimpleMC,4,is_correct,0.66,0.6764705882352942
base,SimpleMC,5,is_correct,0.658,0.6596638655462185
base,SimpleMC,6,is_correct,0.658,0.6659663865546218
base,SimpleMC,7,is_correct,0.662,0.6722689075630253
base,SimpleMC,8,is_correct,0.678,0.657563025210084
base,SimpleMC,9,is_correct,0.68,0.6470588235294118
base,SimpleMC,10,is_correct,0.67,0.657563025210084
base,SimpleMC,11,is_correct,0.67,0.6659663865546218
base,SimpleMC,12,is_correct,0.688,0.6953781512605042
base,SimpleMC,13,is_correct,0.68,0.6785714285714286
base,SimpleMC,14,is_correct,0.698,0.6911764705882353
base,SimpleMC,15,is_correct,0.686,0.7058823529411765
base,SimpleMC,16,is_correct,0.68,0.6785714285714286
base,SimpleMC,17,is_correct,0.676,0.6680672268907563
base,SimpleMC,18,is_correct,0.682,0.6848739495798319
base,SimpleMC,19,is_correct,0.692,0.6995798319327731
base,SimpleMC,20,is_correct,0.68,0.6827731092436975
base,SimpleMC,21,is_correct,0.678,0.6848739495798319
base,SimpleMC,22,is_correct,0.698,0.6953781512605042
base,SimpleMC,23,is_correct,0.678,0.680672268907563
base,SimpleMC,24,is_correct,0.68,0.6827731092436975
base,SimpleMC,25,is_correct,0.674,0.6848739495798319
base,SimpleMC,26,is_correct,0.664,0.6722689075630253
base,SimpleMC,27,is_correct,0.68,0.6722689075630253
base,SimpleMC,28,is_correct,0.672,0.6722689075630253
base,SimpleMC,29,is_correct,0.668,0.6785714285714286
base,SimpleMC,30,is_correct,0.672,0.6680672268907563
base,SimpleMC,31,is_correct,0.674,0.6890756302521008
base,TriviaMC,0,margin_logit,0.07948268966986005,0.07948268966986005
base,TriviaMC,1,margin_logit,0.1366299414039388,0.1366299414039388
base,TriviaMC,2,margin_logit,0.14973941558676895,0.14973941558676895
base,TriviaMC,3,margin_logit,0.16949228169509656,0.16949228169509656
base,TriviaMC,4,margin_logit,0.16433856647547884,0.16433856647547884
base,TriviaMC,5,margin_logit,0.1821087221038724,0.1821087221038724
base,TriviaMC,6,margin_logit,0.18297154138934235,0.18297154138934235
base,TriviaMC,7,margin_logit,0.2068438799812622,0.2068438799812622
base,TriviaMC,8,margin_logit,0.2616835883936044,0.2616835883936044
base,TriviaMC,9,margin_logit,0.3131487508348101,0.3131487508348101
base,TriviaMC,10,margin_logit,0.34050682556126133,0.34050682556126133
base,TriviaMC,11,margin_logit,0.40339008194298676,0.40339008194298676
base,TriviaMC,12,margin_logit,0.5612439580726291,0.5612439580726291
base,TriviaMC,13,margin_logit,0.7112650944452021,0.7112650944452021
base,TriviaMC,14,margin_logit,0.834136029842519,0.834136029842519
base,TriviaMC,15,margin_logit,0.8501102846621262,0.8501102846621262
base,TriviaMC,16,margin_logit,0.8581646510132295,0.8581646510132295
base,TriviaMC,17,margin_logit,0.8873336489961472,0.8873336489961472
base,TriviaMC,18,margin_logit,0.8952485252398703,0.8952485252398703
base,TriviaMC,19,margin_logit,0.8966233374268181,0.8966233374268181
base,TriviaMC,20,margin_logit,0.9099770603720121,0.9099770603720121
base,TriviaMC,21,margin_logit,0.9190942915704639,0.9190942915704639
base,TriviaMC,22,margin_logit,0.9207643282763176,0.9207643282763176
base,TriviaMC,23,margin_logit,0.92174829012448,0.92174829012448
base,TriviaMC,24,margin_logit,0.9248011622052749,0.9248011622052749
base,TriviaMC,25,margin_logit,0.9277224703219307,0.9277224703219307
base,TriviaMC,26,margin_logit,0.9277756580320706,0.9277756580320706
base,TriviaMC,27,margin_logit,0.9280799202199996,0.9280799202199996
base,TriviaMC,28,margin_logit,0.9292207818796674,0.9292207818796674
base,TriviaMC,29,margin_logit,0.9355826404705336,0.9355826404705336
base,TriviaMC,30,margin_logit,0.9342444767410153,0.9342444767410153
base,TriviaMC,31,margin_logit,0.9172117001413601,0.9172117001413601
base,TriviaMC,0,margin_prob,0.09246906850462733,0.09246906850462733
base,TriviaMC,1,margin_prob,0.1439749375046585,0.1439749375046585
base,TriviaMC,2,margin_prob,0.16676101896699047,0.16676101896699047
base,TriviaMC,3,margin_prob,0.17504450306783215,0.17504450306783215
base,TriviaMC,4,margin_prob,0.17222835069617148,0.17222835069617148
base,TriviaMC,5,margin_prob,0.19135757962530786,0.19135757962530786
base,TriviaMC,6,margin_prob,0.2043645888270359,0.2043645888270359
base,TriviaMC,7,margin_prob,0.21285115131275878,0.21285115131275878
base,TriviaMC,8,margin_prob,0.26421783956683975,0.26421783956683975
base,TriviaMC,9,margin_prob,0.2987897530885709,0.2987897530885709
base,TriviaMC,10,margin_prob,0.341940379346086,0.341940379346086
base,TriviaMC,11,margin_prob,0.3863709815493874,0.3863709815493874
base,TriviaMC,12,margin_prob,0.497450303486748,0.497450303486748
base,TriviaMC,13,margin_prob,0.6236692698570634,0.6236692698570634
base,TriviaMC,14,margin_prob,0.7705716417656185,0.7705716417656185
base,TriviaMC,15,margin_prob,0.7868652854026964,0.7868652854026964
base,TriviaMC,16,margin_prob,0.7997668223715433,0.7997668223715433
base,TriviaMC,17,margin_prob,0.8320687522968265,0.8320687522968265
base,TriviaMC,18,margin_prob,0.8384750771949292,0.8384750771949292
base,TriviaMC,19,margin_prob,0.8479627952392381,0.8479627952392381
base,TriviaMC,20,margin_prob,0.8641063816400179,0.8641063816400179
base,TriviaMC,21,margin_prob,0.8736914339185178,0.8736914339185178
base,TriviaMC,22,margin_prob,0.8799085123100869,0.8799085123100869
base,TriviaMC,23,margin_prob,0.8780445040885972,0.8780445040885972
base,TriviaMC,24,margin_prob,0.8830844174603463,0.8830844174603463
base,TriviaMC,25,margin_prob,0.8842447568219942,0.8842447568219942
base,TriviaMC,26,margin_prob,0.8832423733542762,0.8832423733542762
base,TriviaMC,27,margin_prob,0.8807019003149337,0.8807019003149337
base,TriviaMC,28,margin_prob,0.8841283177973447,0.8841283177973447
base,TriviaMC,29,margin_prob,0.8892922113267636,0.8892922113267636
base,TriviaMC,30,margin_prob,0.8860881365761507,0.8860881365761507
base,TriviaMC,31,margin_prob,0.8583607046610149,0.8583607046610149
base,TriviaMC,0,entropy,0.10545110239071354,0.10545110239071354
base,TriviaMC,1,entropy,0.1670328237723896,0.1670328237723896
base,TriviaMC,2,entropy,0.18959583507495925,0.18959583507495925
base,TriviaMC,3,entropy,0.20831527386990645,0.20831527386990645
base,TriviaMC,4,entropy,0.20691871393534988,0.20691871393534988
base,TriviaMC,5,entropy,0.22785807703915073,0.22785807703915073
base,TriviaMC,6,entropy,0.23310948171392898,0.23310948171392898
base,TriviaMC,7,entropy,0.2648509280700537,0.2648509280700537
base,TriviaMC,8,entropy,0.33575980607247635,0.33575980607247635
base,TriviaMC,9,entropy,0.3789528987753452,0.3789528987753452
base,TriviaMC,10,entropy,0.4291549224370428,0.4291549224370428
base,TriviaMC,11,entropy,0.4944712836406311,0.4944712836406311
base,TriviaMC,12,entropy,0.6134507417033499,0.6134507417033499
base,TriviaMC,13,entropy,0.7641867675238831,0.7641867675238831
base,TriviaMC,14,entropy,0.8963981174824144,0.8963981174824144
base,TriviaMC,15,entropy,0.9092271590748422,0.9092271590748422
base,TriviaMC,16,entropy,0.9177289765199536,0.9177289765199536
base,TriviaMC,17,entropy,0.9394282974114506,0.9394282974114506
base,TriviaMC,18,entropy,0.94633213745279,0.94633213745279
base,TriviaMC,19,entropy,0.9532901924415592,0.9532901924415592
base,TriviaMC,20,entropy,0.9601927792835119,0.9601927792835119
base,TriviaMC,21,entropy,0.9632476243213908,0.9632476243213908
base,TriviaMC,22,entropy,0.9681776703198842,0.9681776703198842
base,TriviaMC,23,entropy,0.9672354157526067,0.9672354157526067
base,TriviaMC,24,entropy,0.9687670594240541,0.9687670594240541
base,TriviaMC,25,entropy,0.9688405600578546,0.9688405600578546
base,TriviaMC,26,entropy,0.9690393101130463,0.9690393101130463
base,TriviaMC,27,entropy,0.969546647841839,0.969546647841839
base,TriviaMC,28,entropy,0.9710785492141006,0.9710785492141006
base,TriviaMC,29,entropy,0.9748720990235094,0.9748720990235094
base,TriviaMC,30,entropy,0.9753916252816102,0.9753916252816102
base,TriviaMC,31,entropy,0.9644443336095327,0.9644443336095327
base,TriviaMC,0,stated_confidence,0.0425643349890672,0.0425643349890672
base,TriviaMC,1,stated_confidence,0.09803701965198419,0.09803701965198419
base,TriviaMC,2,stated_confidence,0.14862293372878266,0.14862293372878266
base,TriviaMC,3,stated_confidence,0.19229898736508932,0.19229898736508932
base,TriviaMC,4,stated_confidence,0.22051292030732206,0.22051292030732206
base,TriviaMC,5,stated_confidence,0.28501942565318217,0.28501942565318217
base,TriviaMC,6,stated_confidence,0.29485647200934006,0.29485647200934006
base,TriviaMC,7,stated_confidence,0.36789854909489894,0.36789854909489894
base,TriviaMC,8,stated_confidence,0.41608661867757746,0.41608661867757746
base,TriviaMC,9,stated_confidence,0.4931394151556887,0.4931394151556887
base,TriviaMC,10,stated_confidence,0.5570579498401511,0.5570579498401511
base,TriviaMC,11,stated_confidence,0.6145714948935096,0.6145714948935096
base,TriviaMC,12,stated_confidence,0.6923814918702695,0.6923814918702695
base,TriviaMC,13,stated_confidence,0.6877827855424659,0.6877827855424659
base,TriviaMC,14,stated_confidence,0.6540759066746,0.6540759066746
base,TriviaMC,15,stated_confidence,0.6378709958592359,0.6378709958592359
base,TriviaMC,16,stated_confidence,0.6366503432707433,0.6366503432707433
base,TriviaMC,17,stated_confidence,0.6253457282810683,0.6253457282810683
base,TriviaMC,18,stated_confidence,0.6413346438378588,0.6413346438378588
base,TriviaMC,19,stated_confidence,0.6431708532872473,0.6431708532872473
base,TriviaMC,20,stated_confidence,0.6472283710872886,0.6472283710872886
base,TriviaMC,21,stated_confidence,0.6434694033197698,0.6434694033197698
base,TriviaMC,22,stated_confidence,0.6391884028162934,0.6391884028162934
base,TriviaMC,23,stated_confidence,0.6327340878921961,0.6327340878921961
base,TriviaMC,24,stated_confidence,0.6309926911356252,0.6309926911356252
base,TriviaMC,25,stated_confidence,0.6219287363390262,0.6219287363390262
base,TriviaMC,26,stated_confidence,0.617797507651809,0.617797507651809
base,TriviaMC,27,stated_confidence,0.6169436881540911,0.6169436881540911
base,TriviaMC,28,stated_confidence,0.626551294184303,0.626551294184303
base,TriviaMC,29,stated_confidence,0.6296868053097527,0.6296868053097527
base,TriviaMC,30,stated_confidence,0.610435301561365,0.610435301561365
base,TriviaMC,31,stated_confidence,0.5755683815922377,0.5755683815922377
base,TriviaMC,0,is_correct,0.66125,0.66125
base,TriviaMC,1,is_correct,0.65125,0.65125
base,TriviaMC,2,is_correct,0.64625,0.64625
base,TriviaMC,3,is_correct,0.66125,0.66125
base,TriviaMC,4,is_correct,0.67,0.67
base,TriviaMC,5,is_correct,0.67375,0.67375
base,TriviaMC,6,is_correct,0.695,0.695
base,TriviaMC,7,is_correct,0.68625,0.68625
base,TriviaMC,8,is_correct,0.6875,0.6875
base,TriviaMC,9,is_correct,0.70375,0.70375
base,TriviaMC,10,is_correct,0.695,0.695
base,TriviaMC,11,is_correct,0.695,0.695
base,TriviaMC,12,is_correct,0.72125,0.72125
base,TriviaMC,13,is_correct,0.745,0.745
base,TriviaMC,14,is_correct,0.7525,0.7525
base,TriviaMC,15,is_correct,0.75125,0.75125
base,TriviaMC,16,is_correct,0.7425,0.7425
base,TriviaMC,17,is_correct,0.7375,0.7375
base,TriviaMC,18,is_correct,0.745,0.745
base,TriviaMC,19,is_correct,0.74,0.74
base,TriviaMC,20,is_correct,0.75625,0.75625
base,TriviaMC,21,is_correct,0.74375,0.74375
base,TriviaMC,22,is_correct,0.745,0.745
base,TriviaMC,23,is_correct,0.7475,0.7475
base,TriviaMC,24,is_correct,0.75875,0.75875
base,TriviaMC,25,is_correct,0.76375,0.76375
base,TriviaMC,26,is_correct,0.76375,0.76375
base,TriviaMC,27,is_correct,0.7675,0.7675
base,TriviaMC,28,is_correct,0.75875,0.75875
base,TriviaMC,29,is_correct,0.75375,0.75375
base,TriviaMC,30,is_correct,0.7575,0.7575
base,TriviaMC,31,is_correct,0.74875,0.74875
instruct,SimpleMC,0,margin_logit,0.05395621374611659,0.05395621374611659
instruct,SimpleMC,1,margin_logit,0.06915890986145512,0.06915890986145512
instruct,SimpleMC,2,margin_logit,0.07708108996160812,0.07708108996160812
instruct,SimpleMC,3,margin_logit,0.07892590362139074,0.07892590362139074
instruct,SimpleMC,4,margin_logit,0.08158635509296996,0.08158635509296996
instruct,SimpleMC,5,margin_logit,0.08541592486719474,0.08541592486719474
instruct,SimpleMC,6,margin_logit,0.08770896725889021,0.08770896725889021
instruct,SimpleMC,7,margin_logit,0.11526393919257516,0.11526393919257516
instruct,SimpleMC,8,margin_logit,0.12433820749014957,0.12433820749014957
instruct,SimpleMC,9,margin_logit,0.12127829178024918,0.12127829178024918
instruct,SimpleMC,10,margin_logit,0.130659600887703,0.130659600887703
instruct,SimpleMC,11,margin_logit,0.14362426841061537,0.14362426841061537
instruct,SimpleMC,12,margin_logit,0.1918484146395848,0.1918484146395848
instruct,SimpleMC,13,margin_logit,0.30162444835400637,0.30162444835400637
instruct,SimpleMC,14,margin_logit,0.47893552817291174,0.47893552817291174
instruct,SimpleMC,15,margin_logit,0.5024852498414826,0.5024852498414826
instruct,SimpleMC,16,margin_logit,0.5250614185721856,0.5250614185721856
instruct,SimpleMC,17,margin_logit,0.7109168872252263,0.7109168872252263
instruct,SimpleMC,18,margin_logit,0.7367525031199773,0.7367525031199773
instruct,SimpleMC,19,margin_logit,0.745472692928342,0.745472692928342
instruct,SimpleMC,20,margin_logit,0.7631830688524505,0.7631830688524505
instruct,SimpleMC,21,margin_logit,0.7619723350639412,0.7619723350639412
instruct,SimpleMC,22,margin_logit,0.7516277190838133,0.7516277190838133
instruct,SimpleMC,23,margin_logit,0.7468297897526224,0.7468297897526224
instruct,SimpleMC,24,margin_logit,0.7568643798096251,0.7568643798096251
instruct,SimpleMC,25,margin_logit,0.7624158888925474,0.7624158888925474
instruct,SimpleMC,26,margin_logit,0.7640204431689501,0.7640204431689501
instruct,SimpleMC,27,margin_logit,0.7591393630240547,0.7591393630240547
instruct,SimpleMC,28,margin_logit,0.7553624982119496,0.7553624982119496
instruct,SimpleMC,29,margin_logit,0.7620091629088505,0.7620091629088505
instruct,SimpleMC,30,margin_logit,0.75892592394813,0.75892592394813
instruct,SimpleMC,31,margin_logit,0.7251589552274058,0.7251589552274058
instruct,SimpleMC,0,margin_prob,0.05556282067496243,0.05556282067496243
instruct,SimpleMC,1,margin_prob,0.06364066726318351,0.06364066726318351
instruct,SimpleMC,2,margin_prob,0.07056898408564238,0.07056898408564238
instruct,SimpleMC,3,margin_prob,0.07143558045542264,0.07143558045542264
instruct,SimpleMC,4,margin_prob,0.06805148210364764,0.06805148210364764
instruct,SimpleMC,5,margin_prob,0.07505472802167346,0.07505472802167346
instruct,SimpleMC,6,margin_prob,0.08589778179959517,0.08589778179959517
instruct,SimpleMC,7,margin_prob,0.11086690506196317,0.11086690506196317
instruct,SimpleMC,8,margin_prob,0.11943245282174286,0.11943245282174286
instruct,SimpleMC,9,margin_prob,0.10968796081724841,0.10968796081724841
instruct,SimpleMC,10,margin_prob,0.12493056965253158,0.12493056965253158
instruct,SimpleMC,11,margin_prob,0.12921524270429563,0.12921524270429563
instruct,SimpleMC,12,margin_prob,0.17074874743029822,0.17074874743029822
instruct,SimpleMC,13,margin_prob,0.2665291890325606,0.2665291890325606
instruct,SimpleMC,14,margin_prob,0.431963087858686,0.431963087858686
instruct,SimpleMC,15,margin_prob,0.4316535391543215,0.4316535391543215
instruct,SimpleMC,16,margin_prob,0.45628266789818506,0.45628266789818506
instruct,SimpleMC,17,margin_prob,0.5630129646794396,0.5630129646794396
instruct,SimpleMC,18,margin_prob,0.655925598954551,0.655925598954551
instruct,SimpleMC,19,margin_prob,0.6685946093219737,0.6685946093219737
instruct,SimpleMC,20,margin_prob,0.6767220737856193,0.6767220737856193
instruct,SimpleMC,21,margin_prob,0.6867635717133762,0.6867635717133762
instruct,SimpleMC,22,margin_prob,0.6799946281184623,0.6799946281184623
instruct,SimpleMC,23,margin_prob,0.6774419400050498,0.6774419400050498
instruct,SimpleMC,24,margin_prob,0.6796155641365691,0.6796155641365691
instruct,SimpleMC,25,margin_prob,0.6853048479248096,0.6853048479248096
instruct,SimpleMC,26,margin_prob,0.6843701289952171,0.6843701289952171
instruct,SimpleMC,27,margin_prob,0.681860975438418,0.681860975438418
instruct,SimpleMC,28,margin_prob,0.6749568331856646,0.6749568331856646
instruct,SimpleMC,29,margin_prob,0.6785668665347837,0.6785668665347837
instruct,SimpleMC,30,margin_prob,0.6642271488016985,0.6642271488016985
instruct,SimpleMC,31,margin_prob,0.640880443218334,0.640880443218334
instruct,SimpleMC,0,entropy,0.0840493631983239,0.0840493631983239
instruct,SimpleMC,1,entropy,0.09284148687530758,0.09284148687530758
instruct,SimpleMC,2,entropy,0.10425921764066348,0.10425921764066348
instruct,SimpleMC,3,entropy,0.11149485990209285,0.11149485990209285
instruct,SimpleMC,4,entropy,0.10706968082660506,0.10706968082660506
instruct,SimpleMC,5,entropy,0.11982062799583737,0.11982062799583737
instruct,SimpleMC,6,entropy,0.12376746017234519,0.12376746017234519
instruct,SimpleMC,7,entropy,0.15259385855182517,0.15259385855182517
instruct,SimpleMC,8,entropy,0.15928637206514684,0.15928637206514684
instruct,SimpleMC,9,entropy,0.14427716588722106,0.14427716588722106
instruct,SimpleMC,10,entropy,0.17241424224801494,0.17241424224801494
instruct,SimpleMC,11,entropy,0.16754006228335983,0.16754006228335983
instruct,SimpleMC,12,entropy,0.25909087690306976,0.25909087690306976
instruct,SimpleMC,13,entropy,0.42529791493412816,0.42529791493412816
instruct,SimpleMC,14,entropy,0.643139957685855,0.643139957685855
instruct,SimpleMC,15,entropy,0.6561766879314885,0.6561766879314885
instruct,SimpleMC,16,entropy,0.6822825943538151,0.6822825943538151
instruct,SimpleMC,17,entropy,0.7984884798880596,0.7984884798880596
instruct,SimpleMC,18,entropy,0.8809040059686196,0.8809040059686196
instruct,SimpleMC,19,entropy,0.8995514875183253,0.8995514875183253
instruct,SimpleMC,20,entropy,0.9042225091241096,0.9042225091241096
instruct,SimpleMC,21,entropy,0.9099854054289372,0.9099854054289372
instruct,SimpleMC,22,entropy,0.9101228453005984,0.9101228453005984
instruct,SimpleMC,23,entropy,0.9093568454601405,0.9093568454601405
instruct,SimpleMC,24,entropy,0.9135165812726663,0.9135165812726663
instruct,SimpleMC,25,entropy,0.9119245474353544,0.9119245474353544
instruct,SimpleMC,26,entropy,0.9110659071542658,0.9110659071542658
instruct,SimpleMC,27,entropy,0.9086160756353461,0.9086160756353461
instruct,SimpleMC,28,entropy,0.9045614624302851,0.9045614624302851
instruct,SimpleMC,29,entropy,0.9100619364132113,0.9100619364132113
instruct,SimpleMC,30,entropy,0.9041485627650253,0.9041485627650253
instruct,SimpleMC,31,entropy,0.8771442089194526,0.8771442089194526
instruct,SimpleMC,0,stated_confidence,0.03826160373056997,0.03826160373056997
instruct,SimpleMC,1,stated_confidence,0.06929400590081514,0.06929400590081514
instruct,SimpleMC,2,stated_confidence,0.08113461771245256,0.08113461771245256
instruct,SimpleMC,3,stated_confidence,0.1105572917915697,0.1105572917915697
instruct,SimpleMC,4,stated_confidence,0.1220205118016282,0.1220205118016282
instruct,SimpleMC,5,stated_confidence,0.16220806907289187,0.16220806907289187
instruct,SimpleMC,6,stated_confidence,0.18129235216988604,0.18129235216988604
instruct,SimpleMC,7,stated_confidence,0.1974708967250004,0.1974708967250004
instruct,SimpleMC,8,stated_confidence,0.24279110097298728,0.24279110097298728
instruct,SimpleMC,9,stated_confidence,0.26088301788517343,0.26088301788517343
instruct,SimpleMC,10,stated_confidence,0.2882393093036335,0.2882393093036335
instruct,SimpleMC,11,stated_confidence,0.29093058044717524,0.29093058044717524
instruct,SimpleMC,12,stated_confidence,0.362546046485102,0.362546046485102
instruct,SimpleMC,13,stated_confidence,0.35434891443322203,0.35434891443322203
instruct,SimpleMC,14,stated_confidence,0.37033215746001247,0.37033215746001247
instruct,SimpleMC,15,stated_confidence,0.3599042685017104,0.3599042685017104
instruct,SimpleMC,16,stated_confidence,0.35706689773681954,0.35706689773681954
instruct,SimpleMC,17,stated_confidence,0.33774720250879675,0.33774720250879675
instruct,SimpleMC,18,stated_confidence,0.35214796756682587,0.35214796756682587
instruct,SimpleMC,19,stated_confidence,0.3459279729459498,0.3459279729459498
instruct,SimpleMC,20,stated_confidence,0.346465526857177,0.346465526857177
instruct,SimpleMC,21,stated_confidence,0.339703184483495,0.339703184483495
instruct,SimpleMC,22,stated_confidence,0.33646145921830184,0.33646145921830184
instruct,SimpleMC,23,stated_confidence,0.34627442656133856,0.34627442656133856
instruct,SimpleMC,24,stated_confidence,0.34089437161130043,0.34089437161130043
instruct,SimpleMC,25,stated_confidence,0.33696065655229734,0.33696065655229734
instruct,SimpleMC,26,stated_confidence,0.34223764636733867,0.34223764636733867
instruct,SimpleMC,27,stated_confidence,0.3450662378389858,0.3450662378389858
instruct,SimpleMC,28,stated_confidence,0.32931736174665294,0.32931736174665294
instruct,SimpleMC,29,stated_confidence,0.3396487390129257,0.3396487390129257
instruct,SimpleMC,30,stated_confidence,0.3468273122701391,0.3468273122701391
instruct,SimpleMC,31,stated_confidence,0.34291334756059777,0.34291334756059777
instruct,SimpleMC,0,is_correct,0.604,0.604
instruct,SimpleMC,1,is_correct,0.634,0.634
instruct,SimpleMC,2,is_correct,0.576,0.576
instruct,SimpleMC,3,is_correct,0.586,0.586
instruct,SimpleMC,4,is_correct,0.58,0.58
instruct,SimpleMC,5,is_correct,0.588,0.588
instruct,SimpleMC,6,is_correct,0.59,0.59
instruct,SimpleMC,7,is_correct,0.568,0.568
instruct,SimpleMC,8,is_correct,0.61,0.61
instruct,SimpleMC,9,is_correct,0.572,0.572
instruct,SimpleMC,10,is_correct,0.576,0.576
instruct,SimpleMC,11,is_correct,0.588,0.588
instruct,SimpleMC,12,is_correct,0.588,0.588
instruct,SimpleMC,13,is_correct,0.58,0.58
instruct,SimpleMC,14,is_correct,0.57,0.57
instruct,SimpleMC,15,is_correct,0.596,0.596
instruct,SimpleMC,16,is_correct,0.606,0.606
instruct,SimpleMC,17,is_correct,0.604,0.604
instruct,SimpleMC,18,is_correct,0.596,0.596
instruct,SimpleMC,19,is_correct,0.616,0.616
instruct,SimpleMC,20,is_correct,0.604,0.604
instruct,SimpleMC,21,is_correct,0.6,0.6
instruct,SimpleMC,22,is_correct,0.614,0.614
instruct,SimpleMC,23,is_correct,0.596,0.596
instruct,SimpleMC,24,is_correct,0.598,0.598
instruct,SimpleMC,25,is_correct,0.6,0.6
instruct,SimpleMC,26,is_correct,0.602,0.602
instruct,SimpleMC,27,is_correct,0.594,0.594
instruct,SimpleMC,28,is_correct,0.588,0.588
instruct,SimpleMC,29,is_correct,0.592,0.592
instruct,SimpleMC,30,is_correct,0.586,0.586
instruct,SimpleMC,31,is_correct,0.586,0.586
instruct,TriviaMC,0,margin_logit,0.11662324783530353,0.11662324783530353
instruct,TriviaMC,1,margin_logit,0.13205361519600944,0.13205361519600944
instruct,TriviaMC,2,margin_logit,0.15794928994107593,0.15794928994107593
instruct,TriviaMC,3,margin_logit,0.1801594287019188,0.1801594287019188
instruct,TriviaMC,4,margin_logit,0.18896181227290398,0.18896181227290398
instruct,TriviaMC,5,margin_logit,0.20365404904902085,0.20365404904902085
instruct,TriviaMC,6,margin_logit,0.20968685727930403,0.20968685727930403
instruct,TriviaMC,7,margin_logit,0.23981322838712082,0.23981322838712082
instruct,TriviaMC,8,margin_logit,0.28695453064094745,0.28695453064094745
instruct,TriviaMC,9,margin_logit,0.33517983117188666,0.33517983117188666
instruct,TriviaMC,10,margin_logit,0.42730625898143737,0.42730625898143737
instruct,TriviaMC,11,margin_logit,0.47765807203476274,0.47765807203476274
instruct,TriviaMC,12,margin_logit,0.6345614956016834,0.6345614956016834
instruct,TriviaMC,13,margin_logit,0.7700701015988711,0.7700701015988711
instruct,TriviaMC,14,margin_logit,0.8586836361355343,0.8586836361355343
instruct,TriviaMC,15,margin_logit,0.8800620787643009,0.8800620787643009
instruct,TriviaMC,16,margin_logit,0.8870395540166404,0.8870395540166404
instruct,TriviaMC,17,margin_logit,0.9318606019456819,0.9318606019456819
instruct,TriviaMC,18,margin_logit,0.9451916089610225,0.9451916089610225
instruct,TriviaMC,19,margin_logit,0.9460125940171403,0.9460125940171403
instruct,TriviaMC,20,margin_logit,0.9497067568971531,0.9497067568971531
instruct,TriviaMC,21,margin_logit,0.9510886981752675,0.9510886981752675
instruct,TriviaMC,22,margin_logit,0.9529734409347359,0.9529734409347359
instruct,TriviaMC,23,margin_logit,0.9527332378978005,0.9527332378978005
instruct,TriviaMC,24,margin_logit,0.9549331848719944,0.9549331848719944
instruct,TriviaMC,25,margin_logit,0.957129971918601,0.957129971918601
instruct,TriviaMC,26,margin_logit,0.9560941086354624,0.9560941086354624
instruct,TriviaMC,27,margin_logit,0.9570263070440149,0.9570263070440149
instruct,TriviaMC,28,margin_logit,0.9563275407658487,0.9563275407658487
instruct,TriviaMC,29,margin_logit,0.9582185667114317,0.9582185667114317
instruct,TriviaMC,30,margin_logit,0.9603394392875145,0.9603394392875145
instruct,TriviaMC,31,margin_logit,0.9539468245560461,0.9539468245560461
instruct,TriviaMC,0,margin_prob,0.088145915526185,0.088145915526185
instruct,TriviaMC,1,margin_prob,0.09275686601364697,0.09275686601364697
instruct,TriviaMC,2,margin_prob,0.10658385468725373,0.10658385468725373
instruct,TriviaMC,3,margin_prob,0.14064775627448245,0.14064775627448245
instruct,TriviaMC,4,margin_prob,0.13978491368568047,0.13978491368568047
instruct,TriviaMC,5,margin_prob,0.138650432025206,0.138650432025206
instruct,TriviaMC,6,margin_prob,0.1451960725118907,0.1451960725118907
instruct,TriviaMC,7,margin_prob,0.16563245551971228,0.16563245551971228
instruct,TriviaMC,8,margin_prob,0.2083239421252796,0.2083239421252796
instruct,TriviaMC,9,margin_prob,0.2280081478653816,0.2280081478653816
instruct,TriviaMC,10,margin_prob,0.2686694385957682,0.2686694385957682
instruct,TriviaMC,11,margin_prob,0.28031593895783313,0.28031593895783313
instruct,TriviaMC,12,margin_prob,0.3738591641501281,0.3738591641501281
instruct,TriviaMC,13,margin_prob,0.4823306227488283,0.4823306227488283
instruct,TriviaMC,14,margin_prob,0.5882551536674427,0.5882551536674427
instruct,TriviaMC,15,margin_prob,0.6142129026363747,0.6142129026363747
instruct,TriviaMC,16,margin_prob,0.6289614292247221,0.6289614292247221
instruct,TriviaMC,17,margin_prob,0.6923274584689746,0.6923274584689746
instruct,TriviaMC,18,margin_prob,0.7116420791338347,0.7116420791338347
instruct,TriviaMC,19,margin_prob,0.7606267721290061,0.7606267721290061
instruct,TriviaMC,20,margin_prob,0.7730446610252983,0.7730446610252983
instruct,TriviaMC,21,margin_prob,0.7767063016545728,0.7767063016545728
instruct,TriviaMC,22,margin_prob,0.7731898144021584,0.7731898144021584
instruct,TriviaMC,23,margin_prob,0.756018562490089,0.756018562490089
instruct,TriviaMC,24,margin_prob,0.7671159396206219,0.7671159396206219
instruct,TriviaMC,25,margin_prob,0.7682541886662625,0.7682541886662625
instruct,TriviaMC,26,margin_prob,0.7654216637071827,0.7654216637071827
instruct,TriviaMC,27,margin_prob,0.7680374711106015,0.7680374711106015
instruct,TriviaMC,28,margin_prob,0.7652271472918621,0.7652271472918621
instruct,TriviaMC,29,margin_prob,0.7651348102599088,0.7651348102599088
instruct,TriviaMC,30,margin_prob,0.7530724439759414,0.7530724439759414
instruct,TriviaMC,31,margin_prob,0.7342929815019836,0.7342929815019836
instruct,TriviaMC,0,entropy,0.10032700302000386,0.10032700302000386
instruct,TriviaMC,1,entropy,0.10666862587541392,0.10666862587541392
instruct,TriviaMC,2,entropy,0.12431566350878887,0.12431566350878887
instruct,TriviaMC,3,entropy,0.15157380040139634,0.15157380040139634
instruct,TriviaMC,4,entropy,0.15803669702233558,0.15803669702233558
instruct,TriviaMC,5,entropy,0.15665543464459708,0.15665543464459708
instruct,TriviaMC,6,entropy,0.165899845633661,0.165899845633661
instruct,TriviaMC,7,entropy,0.1862600899939073,0.1862600899939073
instruct,TriviaMC,8,entropy,0.23394740424207217,0.23394740424207217
instruct,TriviaMC,9,entropy,0.26231298385457635,0.26231298385457635
instruct,TriviaMC,10,entropy,0.32432361716614144,0.32432361716614144
instruct,TriviaMC,11,entropy,0.3477598454989661,0.3477598454989661
instruct,TriviaMC,12,entropy,0.4883651853887798,0.4883651853887798
instruct,TriviaMC,13,entropy,0.6198337726129663,0.6198337726129663
instruct,TriviaMC,14,entropy,0.741854686443234,0.741854686443234
instruct,TriviaMC,15,entropy,0.7770927011664698,0.7770927011664698
instruct,TriviaMC,16,entropy,0.7881395273744846,0.7881395273744846
instruct,TriviaMC,17,entropy,0.8479668938544572,0.8479668938544572
instruct,TriviaMC,18,entropy,0.8706382800037826,0.8706382800037826
instruct,TriviaMC,19,entropy,0.9169482579019059,0.9169482579019059
instruct,TriviaMC,20,entropy,0.9242261409226805,0.9242261409226805
instruct,TriviaMC,21,entropy,0.926116127713008,0.926116127713008
instruct,TriviaMC,22,entropy,0.9262137703872977,0.9262137703872977
instruct,TriviaMC,23,entropy,0.9234051892070352,0.9234051892070352
instruct,TriviaMC,24,entropy,0.9246009416747464,0.9246009416747464
instruct,TriviaMC,25,entropy,0.922227018765553,0.922227018765553
instruct,TriviaMC,26,entropy,0.9154117556788242,0.9154117556788242
instruct,TriviaMC,27,entropy,0.9144389064073517,0.9144389064073517
instruct,TriviaMC,28,entropy,0.9131450513641934,0.9131450513641934
instruct,TriviaMC,29,entropy,0.9188759732716026,0.9188759732716026
instruct,TriviaMC,30,entropy,0.9148727639758192,0.9148727639758192
instruct,TriviaMC,31,entropy,0.9037398313218092,0.9037398313218092
instruct,TriviaMC,0,stated_confidence,0.02458983782705293,0.02458983782705293
instruct,TriviaMC,1,stated_confidence,0.04650167987262732,0.04650167987262732
instruct,TriviaMC,2,stated_confidence,0.08065475474104955,0.08065475474104955
instruct,TriviaMC,3,stated_confidence,0.09566465270721969,0.09566465270721969
instruct,TriviaMC,4,stated_confidence,0.09669255253393294,0.09669255253393294
instruct,TriviaMC,5,stated_confidence,0.11292174843561076,0.11292174843561076
instruct,TriviaMC,6,stated_confidence,0.12476399987653153,0.12476399987653153
instruct,TriviaMC,7,stated_confidence,0.15645425279850222,0.15645425279850222
instruct,TriviaMC,8,stated_confidence,0.21193880308251356,0.21193880308251356
instruct,TriviaMC,9,stated_confidence,0.24042915306186063,0.24042915306186063
instruct,TriviaMC,10,stated_confidence,0.3234185944514766,0.3234185944514766
instruct,TriviaMC,11,stated_confidence,0.34041155752530183,0.34041155752530183
instruct,TriviaMC,12,stated_confidence,0.3736741111748355,0.3736741111748355
instruct,TriviaMC,13,stated_confidence,0.4083004097064076,0.4083004097064076
instruct,TriviaMC,14,stated_confidence,0.42168726143516944,0.42168726143516944
instruct,TriviaMC,15,stated_confidence,0.43123808830972266,0.43123808830972266
instruct,TriviaMC,16,stated_confidence,0.42555095409843635,0.42555095409843635
instruct,TriviaMC,17,stated_confidence,0.41863371116651027,0.41863371116651027
instruct,TriviaMC,18,stated_confidence,0.41275366454003604,0.41275366454003604
instruct,TriviaMC,19,stated_confidence,0.4187570160008314,0.4187570160008314
instruct,TriviaMC,20,stated_confidence,0.4126536981907334,0.4126536981907334
instruct,TriviaMC,21,stated_confidence,0.4024493682962619,0.4024493682962619
instruct,TriviaMC,22,stated_confidence,0.40001040821164047,0.40001040821164047
instruct,TriviaMC,23,stated_confidence,0.3934290413487934,0.3934290413487934
instruct,TriviaMC,24,stated_confidence,0.38937323402745583,0.38937323402745583
instruct,TriviaMC,25,stated_confidence,0.38961919575742465,0.38961919575742465
instruct,TriviaMC,26,stated_confidence,0.3783245658893216,0.3783245658893216
instruct,TriviaMC,27,stated_confidence,0.38856499388479115,0.38856499388479115
instruct,TriviaMC,28,stated_confidence,0.38641138225604676,0.38641138225604676
instruct,TriviaMC,29,stated_confidence,0.3843585901451616,0.3843585901451616
instruct,TriviaMC,30,stated_confidence,0.38241127299704725,0.38241127299704725
instruct,TriviaMC,31,stated_confidence,0.3606794928453123,0.3606794928453123
instruct,TriviaMC,0,is_correct,0.675,0.675
instruct,TriviaMC,1,is_correct,0.67875,0.67875
instruct,TriviaMC,2,is_correct,0.67625,0.67625
instruct,TriviaMC,3,is_correct,0.69125,0.69125
instruct,TriviaMC,4,is_correct,0.68375,0.68375
instruct,TriviaMC,5,is_correct,0.685,0.685
instruct,TriviaMC,6,is_correct,0.7025,0.7025
instruct,TriviaMC,7,is_correct,0.70625,0.70625
instruct,TriviaMC,8,is_correct,0.715,0.715
instruct,TriviaMC,9,is_correct,0.71125,0.71125
instruct,TriviaMC,10,is_correct,0.7175,0.7175
instruct,TriviaMC,11,is_correct,0.7075,0.7075
instruct,TriviaMC,12,is_correct,0.735,0.735
instruct,TriviaMC,13,is_correct,0.7325,0.7325
instruct,TriviaMC,14,is_correct,0.7575,0.7575
instruct,TriviaMC,15,is_correct,0.755,0.755
instruct,TriviaMC,16,is_correct,0.74625,0.74625
instruct,TriviaMC,17,is_correct,0.7575,0.7575
instruct,TriviaMC,18,is_correct,0.7625,0.7625
instruct,TriviaMC,19,is_correct,0.77,0.77
instruct,TriviaMC,20,is_correct,0.76125,0.76125
instruct,TriviaMC,21,is_correct,0.765,0.765
instruct,TriviaMC,22,is_correct,0.76,0.76
instruct,TriviaMC,23,is_correct,0.76875,0.76875
instruct,TriviaMC,24,is_correct,0.76125,0.76125
instruct,TriviaMC,25,is_correct,0.76375,0.76375
instruct,TriviaMC,26,is_correct,0.76875,0.76875
instruct,TriviaMC,27,is_correct,0.77625,0.77625
instruct,TriviaMC,28,is_correct,0.7625,0.7625
instruct,TriviaMC,29,is_correct,0.77875,0.77875
instruct,TriviaMC,30,is_correct,0.76,0.76
instruct,TriviaMC,31,is_correct,0.75625,0.75625
finetuned,SimpleMC,0,margin_logit,0.02943744906810042,0.02943744906810042
finetuned,SimpleMC,1,margin_logit,0.053575884772415594,0.053575884772415594
finetuned,SimpleMC,2,margin_logit,0.05174038490757327,0.05174038490757327
finetuned,SimpleMC,3,margin_logit,0.05185333965113614,0.05185333965113614
finetuned,SimpleMC,4,margin_logit,0.0645173027869026,0.0645173027869026
finetuned,SimpleMC,5,margin_logit,0.08102471817328205,0.08102471817328205
finetuned,SimpleMC,6,margin_logit,0.08495415898857872,0.08495415898857872
finetuned,SimpleMC,7,margin_logit,0.09883056771877907,0.09883056771877907
finetuned,SimpleMC,8,margin_logit,0.11102107426031826,0.11102107426031826
finetuned,SimpleMC,9,margin_logit,0.10874389481201241,0.10874389481201241
finetuned,SimpleMC,10,margin_logit,0.11116654007240245,0.11116654007240245
finetuned,SimpleMC,11,margin_logit,0.1249303992656855,0.1249303992656855
finetuned,SimpleMC,12,margin_logit,0.24765628443232268,0.24765628443232268
finetuned,SimpleMC,13,margin_logit,0.38144523638999417,0.38144523638999417
finetuned,SimpleMC,14,margin_logit,0.5438339935599731,0.5438339935599731
finetuned,SimpleMC,15,margin_logit,0.5832263071179289,0.5832263071179289
finetuned,SimpleMC,16,margin_logit,0.6097822709708789,0.6097822709708789
finetuned,SimpleMC,17,margin_logit,0.736812065987737,0.736812065987737
finetuned,SimpleMC,18,margin_logit,0.771750171352454,0.771750171352454
finetuned,SimpleMC,19,margin_logit,0.770305047082751,0.770305047082751
finetuned,SimpleMC,20,margin_logit,0.7905930771162054,0.7905930771162054
finetuned,SimpleMC,21,margin_logit,0.7979099265936129,0.7979099265936129
finetuned,SimpleMC,22,margin_logit,0.8009894705987255,0.8009894705987255
finetuned,SimpleMC,23,margin_logit,0.7970260171009661,0.7970260171009661
finetuned,SimpleMC,24,margin_logit,0.8050930646799952,0.8050930646799952
finetuned,SimpleMC,25,margin_logit,0.8104651472356709,0.8104651472356709
finetuned,SimpleMC,26,margin_logit,0.8019389919740637,0.8019389919740637
finetuned,SimpleMC,27,margin_logit,0.8019759440686349,0.8019759440686349
finetuned,SimpleMC,28,margin_logit,0.8016549149417906,0.8016549149417906
finetuned,SimpleMC,29,margin_logit,0.8088525085111831,0.8088525085111831
finetuned,SimpleMC,30,margin_logit,0.8064687861637556,0.8064687861637556
finetuned,SimpleMC,31,margin_logit,0.7792017522390534,0.7792017522390534
finetuned,SimpleMC,0,margin_prob,0.03730747913114019,0.03730747913114019
finetuned,SimpleMC,1,margin_prob,0.05065318928185014,0.05065318928185014
finetuned,SimpleMC,2,margin_prob,0.05170638839018338,0.05170638839018338
finetuned,SimpleMC,3,margin_prob,0.04826778001009546,0.04826778001009546
finetuned,SimpleMC,4,margin_prob,0.059239519970200494,0.059239519970200494
finetuned,SimpleMC,5,margin_prob,0.0801971473009867,0.0801971473009867
finetuned,SimpleMC,6,margin_prob,0.08212620592215136,0.08212620592215136
finetuned,SimpleMC,7,margin_prob,0.09238118232309656,0.09238118232309656
finetuned,SimpleMC,8,margin_prob,0.11075298051017024,0.11075298051017024
finetuned,SimpleMC,9,margin_prob,0.10646670288353866,0.10646670288353866
finetuned,SimpleMC,10,margin_prob,0.11747273199113173,0.11747273199113173
finetuned,SimpleMC,11,margin_prob,0.12561871198893193,0.12561871198893193
finetuned,SimpleMC,12,margin_prob,0.20629753348271473,0.20629753348271473
finetuned,SimpleMC,13,margin_prob,0.3441258909023651,0.3441258909023651
finetuned,SimpleMC,14,margin_prob,0.5032153007523967,0.5032153007523967
finetuned,SimpleMC,15,margin_prob,0.503759961545568,0.503759961545568
finetuned,SimpleMC,16,margin_prob,0.526212250083396,0.526212250083396
finetuned,SimpleMC,17,margin_prob,0.6194752364357516,0.6194752364357516
finetuned,SimpleMC,18,margin_prob,0.7110728868174903,0.7110728868174903
finetuned,SimpleMC,19,margin_prob,0.7280613536930176,0.7280613536930176
finetuned,SimpleMC,20,margin_prob,0.7350958417774585,0.7350958417774585
finetuned,SimpleMC,21,margin_prob,0.7537477579059004,0.7537477579059004
finetuned,SimpleMC,22,margin_prob,0.7543741517654212,0.7543741517654212
finetuned,SimpleMC,23,margin_prob,0.7512787723722183,0.7512787723722183
finetuned,SimpleMC,24,margin_prob,0.764900454248466,0.764900454248466
finetuned,SimpleMC,25,margin_prob,0.7673483795832556,0.7673483795832556
finetuned,SimpleMC,26,margin_prob,0.764080697640382,0.764080697640382
finetuned,SimpleMC,27,margin_prob,0.7627250864376435,0.7627250864376435
finetuned,SimpleMC,28,margin_prob,0.7601710997320406,0.7601710997320406
finetuned,SimpleMC,29,margin_prob,0.7659412395211307,0.7659412395211307
finetuned,SimpleMC,30,margin_prob,0.7517261622485889,0.7517261622485889
finetuned,SimpleMC,31,margin_prob,0.7228534628844535,0.7228534628844535
finetuned,SimpleMC,0,entropy,0.06874447474563372,0.06874447474563372
finetuned,SimpleMC,1,entropy,0.08293469581696578,0.08293469581696578
finetuned,SimpleMC,2,entropy,0.0866564675129593,0.0866564675129593
finetuned,SimpleMC,3,entropy,0.08842050498733856,0.08842050498733856
finetuned,SimpleMC,4,entropy,0.1030580103062293,0.1030580103062293
finetuned,SimpleMC,5,entropy,0.11922017987779021,0.11922017987779021
finetuned,SimpleMC,6,entropy,0.12006513605617042,0.12006513605617042
finetuned,SimpleMC,7,entropy,0.1353311190970582,0.1353311190970582
finetuned,SimpleMC,8,entropy,0.14891204070111808,0.14891204070111808
finetuned,SimpleMC,9,entropy,0.1552829620035835,0.1552829620035835
finetuned,SimpleMC,10,entropy,0.17269269898713702,0.17269269898713702
finetuned,SimpleMC,11,entropy,0.1792445783377118,0.1792445783377118
finetuned,SimpleMC,12,entropy,0.3232315960014843,0.3232315960014843
finetuned,SimpleMC,13,entropy,0.5468684565230577,0.5468684565230577
finetuned,SimpleMC,14,entropy,0.736061589532494,0.736061589532494
finetuned,SimpleMC,15,entropy,0.7285990876207075,0.7285990876207075
finetuned,SimpleMC,16,entropy,0.7522340683797136,0.7522340683797136
finetuned,SimpleMC,17,entropy,0.8555632818418957,0.8555632818418957
finetuned,SimpleMC,18,entropy,0.9173887285405118,0.9173887285405118
finetuned,SimpleMC,19,entropy,0.9293863619294078,0.9293863619294078
finetuned,SimpleMC,20,entropy,0.9364416785010894,0.9364416785010894
finetuned,SimpleMC,21,entropy,0.9460281216080925,0.9460281216080925
finetuned,SimpleMC,22,entropy,0.9482405451520911,0.9482405451520911
finetuned,SimpleMC,23,entropy,0.9486845207314178,0.9486845207314178
finetuned,SimpleMC,24,entropy,0.9500459070030354,0.9500459070030354
finetuned,SimpleMC,25,entropy,0.9502492317995966,0.9502492317995966
finetuned,SimpleMC,26,entropy,0.9504643339635476,0.9504643339635476
finetuned,SimpleMC,27,entropy,0.9494569460476122,0.9494569460476122
finetuned,SimpleMC,28,entropy,0.9467460759626836,0.9467460759626836
finetuned,SimpleMC,29,entropy,0.9516013608677707,0.9516013608677707
finetuned,SimpleMC,30,entropy,0.9527721428417594,0.9527721428417594
finetuned,SimpleMC,31,entropy,0.9340345320995256,0.9340345320995256
finetuned,SimpleMC,0,stated_confidence,0.06393557442434705,0.06393557442434705
finetuned,SimpleMC,1,stated_confidence,0.07592521951338227,0.07592521951338227
finetuned,SimpleMC,2,stated_confidence,0.08036215055571883,0.08036215055571883
finetuned,SimpleMC,3,stated_confidence,0.09930917276391982,0.09930917276391982
finetuned,SimpleMC,4,stated_confidence,0.08762378623634592,0.08762378623634592
finetuned,SimpleMC,5,stated_confidence,0.09973256148485055,0.09973256148485055
finetuned,SimpleMC,6,stated_confidence,0.09933415377365273,0.09933415377365273
finetuned,SimpleMC,7,stated_confidence,0.12257007363851014,0.12257007363851014
finetuned,SimpleMC,8,stated_confidence,0.1508083419650481,0.1508083419650481
finetuned,SimpleMC,9,stated_confidence,0.1669829590685461,0.1669829590685461
finetuned,SimpleMC,10,stated_confidence,0.20600989460876784,0.20600989460876784
finetuned,SimpleMC,11,stated_confidence,0.21547762699827488,0.21547762699827488
finetuned,SimpleMC,12,stated_confidence,0.3398593990290195,0.3398593990290195
finetuned,SimpleMC,13,stated_confidence,0.440632975332648,0.440632975332648
finetuned,SimpleMC,14,stated_confidence,0.4460060786269482,0.4460060786269482
finetuned,SimpleMC,15,stated_confidence,0.44029589661219526,0.44029589661219526
finetuned,SimpleMC,16,stated_confidence,0.4570448870702871,0.4570448870702871
finetuned,SimpleMC,17,stated_confidence,0.44293374576209954,0.44293374576209954
finetuned,SimpleMC,18,stated_confidence,0.4432605536159996,0.4432605536159996
finetuned,SimpleMC,19,stated_confidence,0.43542841884422256,0.43542841884422256
finetuned,SimpleMC,20,stated_confidence,0.44046327065756896,0.44046327065756896
finetuned,SimpleMC,21,stated_confidence,0.4457580066152793,0.4457580066152793
finetuned,SimpleMC,22,stated_confidence,0.4345275727214022,0.4345275727214022
finetuned,SimpleMC,23,stated_confidence,0.43368420348638503,0.43368420348638503
finetuned,SimpleMC,24,stated_confidence,0.428327764129536,0.428327764129536
finetuned,SimpleMC,25,stated_confidence,0.4259742262934011,0.4259742262934011
finetuned,SimpleMC,26,stated_confidence,0.4208328631610905,0.4208328631610905
finetuned,SimpleMC,27,stated_confidence,0.42806864630218766,0.42806864630218766
finetuned,SimpleMC,28,stated_confidence,0.43233223310429625,0.43233223310429625
finetuned,SimpleMC,29,stated_confidence,0.42406042353838025,0.42406042353838025
finetuned,SimpleMC,30,stated_confidence,0.4099976948841896,0.4099976948841896
finetuned,SimpleMC,31,stated_confidence,0.4044346136194421,0.4044346136194421
finetuned,SimpleMC,0,is_correct,0.628,0.628
finetuned,SimpleMC,1,is_correct,0.634,0.634
finetuned,SimpleMC,2,is_correct,0.624,0.624
finetuned,SimpleMC,3,is_correct,0.624,0.624
finetuned,SimpleMC,4,is_correct,0.6,0.6
finetuned,SimpleMC,5,is_correct,0.584,0.584
finetuned,SimpleMC,6,is_correct,0.592,0.592
finetuned,SimpleMC,7,is_correct,0.58,0.58
finetuned,SimpleMC,8,is_correct,0.602,0.602
finetuned,SimpleMC,9,is_correct,0.602,0.602
finetuned,SimpleMC,10,is_correct,0.59,0.59
finetuned,SimpleMC,11,is_correct,0.59,0.59
finetuned,SimpleMC,12,is_correct,0.584,0.584
finetuned,SimpleMC,13,is_correct,0.594,0.594
finetuned,SimpleMC,14,is_correct,0.632,0.632
finetuned,SimpleMC,15,is_correct,0.606,0.606
finetuned,SimpleMC,16,is_correct,0.604,0.604
finetuned,SimpleMC,17,is_correct,0.642,0.642
finetuned,SimpleMC,18,is_correct,0.64,0.64
finetuned,SimpleMC,19,is_correct,0.64,0.64
finetuned,SimpleMC,20,is_correct,0.642,0.642
finetuned,SimpleMC,21,is_correct,0.642,0.642
finetuned,SimpleMC,22,is_correct,0.642,0.642
finetuned,SimpleMC,23,is_correct,0.63,0.63
finetuned,SimpleMC,24,is_correct,0.644,0.644
finetuned,SimpleMC,25,is_correct,0.63,0.63
finetuned,SimpleMC,26,is_correct,0.616,0.616
finetuned,SimpleMC,27,is_correct,0.622,0.622
finetuned,SimpleMC,28,is_correct,0.614,0.614
finetuned,SimpleMC,29,is_correct,0.616,0.616
finetuned,SimpleMC,30,is_correct,0.624,0.624
finetuned,SimpleMC,31,is_correct,0.616,0.616
finetuned,TriviaMC,0,margin_logit,0.13260649879693187,0.13260649879693187
finetuned,TriviaMC,1,margin_logit,0.1496715586100167,0.1496715586100167
finetuned,TriviaMC,2,margin_logit,0.16286050556644593,0.16286050556644593
finetuned,TriviaMC,3,margin_logit,0.17803761364949688,0.17803761364949688
finetuned,TriviaMC,4,margin_logit,0.20247165149123458,0.20247165149123458
finetuned,TriviaMC,5,margin_logit,0.20553552164258315,0.20553552164258315
finetuned,TriviaMC,6,margin_logit,0.20917544838700086,0.20917544838700086
finetuned,TriviaMC,7,margin_logit,0.25953790252906006,0.25953790252906006
finetuned,TriviaMC,8,margin_logit,0.2924748067196541,0.2924748067196541
finetuned,TriviaMC,9,margin_logit,0.32579885739680037,0.32579885739680037
finetuned,TriviaMC,10,margin_logit,0.4067243048672782,0.4067243048672782
finetuned,TriviaMC,11,margin_logit,0.4673431220852978,0.4673431220852978
finetuned,TriviaMC,12,margin_logit,0.6203615356399645,0.6203615356399645
finetuned,TriviaMC,13,margin_logit,0.7846345285158244,0.7846345285158244
finetuned,TriviaMC,14,margin_logit,0.8722827945890281,0.8722827945890281
finetuned,TriviaMC,15,margin_logit,0.8955807785715282,0.8955807785715282
finetuned,TriviaMC,16,margin_logit,0.9034377740158196,0.9034377740158196
finetuned,TriviaMC,17,margin_logit,0.9368881811542911,0.9368881811542911
finetuned,TriviaMC,18,margin_logit,0.9479673462815,0.9479673462815
finetuned,TriviaMC,19,margin_logit,0.9478738865762898,0.9478738865762898
finetuned,TriviaMC,20,margin_logit,0.9536978449457643,0.9536978449457643
finetuned,TriviaMC,21,margin_logit,0.9574674622473291,0.9574674622473291
finetuned,TriviaMC,22,margin_logit,0.9588605399241472,0.9588605399241472
finetuned,TriviaMC,23,margin_logit,0.9592361396687981,0.9592361396687981
finetuned,TriviaMC,24,margin_logit,0.9613929084468702,0.9613929084468702
finetuned,TriviaMC,25,margin_logit,0.9634989087444051,0.9634989087444051
finetuned,TriviaMC,26,margin_logit,0.9649621494461027,0.9649621494461027
finetuned,TriviaMC,27,margin_logit,0.9657296757451623,0.9657296757451623
finetuned,TriviaMC,28,margin_logit,0.9647750204204842,0.9647750204204842
finetuned,TriviaMC,29,margin_logit,0.9672189286545221,0.9672189286545221
finetuned,TriviaMC,30,margin_logit,0.9682702179504513,0.9682702179504513
finetuned,TriviaMC,31,margin_logit,0.961418745510601,0.961418745510601
finetuned,TriviaMC,0,margin_prob,0.08400632209584691,0.08400632209584691
finetuned,TriviaMC,1,margin_prob,0.09498854774314935,0.09498854774314935
finetuned,TriviaMC,2,margin_prob,0.09960305106591671,0.09960305106591671
finetuned,TriviaMC,3,margin_prob,0.11921531639328808,0.11921531639328808
finetuned,TriviaMC,4,margin_prob,0.1367613092733454,0.1367613092733454
finetuned,TriviaMC,5,margin_prob,0.14251020484727217,0.14251020484727217
finetuned,TriviaMC,6,margin_prob,0.14884252792363128,0.14884252792363128
finetuned,TriviaMC,7,margin_prob,0.1666904922958018,0.1666904922958018
finetuned,TriviaMC,8,margin_prob,0.19226357911696168,0.19226357911696168
finetuned,TriviaMC,9,margin_prob,0.2106483035708444,0.2106483035708444
finetuned,TriviaMC,10,margin_prob,0.2602355995547968,0.2602355995547968
finetuned,TriviaMC,11,margin_prob,0.29488774049399147,0.29488774049399147
finetuned,TriviaMC,12,margin_prob,0.4148491116014217,0.4148491116014217
finetuned,TriviaMC,13,margin_prob,0.5659123403958675,0.5659123403958675
finetuned,TriviaMC,14,margin_prob,0.6788709814371087,0.6788709814371087
finetuned,TriviaMC,15,margin_prob,0.6976880259579683,0.6976880259579683
finetuned,TriviaMC,16,margin_prob,0.7189857779209289,0.7189857779209289
finetuned,TriviaMC,17,margin_prob,0.7651459988504494,0.7651459988504494
finetuned,TriviaMC,18,margin_prob,0.7860091607612806,0.7860091607612806
finetuned,TriviaMC,19,margin_prob,0.8158513170935795,0.8158513170935795
finetuned,TriviaMC,20,margin_prob,0.8297796019177599,0.8297796019177599
finetuned,TriviaMC,21,margin_prob,0.839689290440361,0.839689290440361
finetuned,TriviaMC,22,margin_prob,0.8343940883059751,0.8343940883059751
finetuned,TriviaMC,23,margin_prob,0.8331822314501112,0.8331822314501112
finetuned,TriviaMC,24,margin_prob,0.8377664739348937,0.8377664739348937
finetuned,TriviaMC,25,margin_prob,0.8362273922650183,0.8362273922650183
finetuned,TriviaMC,26,margin_prob,0.8342621589063633,0.8342621589063633
finetuned,TriviaMC,27,margin_prob,0.8348076108556378,0.8348076108556378
finetuned,TriviaMC,28,margin_prob,0.8377920207285368,0.8377920207285368
finetuned,TriviaMC,29,margin_prob,0.8407883880675484,0.8407883880675484
finetuned,TriviaMC,30,margin_prob,0.8387162417981441,0.8387162417981441
finetuned,TriviaMC,31,margin_prob,0.8211017203761295,0.8211017203761295
finetuned,TriviaMC,0,entropy,0.09357317178472702,0.09357317178472702
finetuned,TriviaMC,1,entropy,0.10555041486251815,0.10555041486251815
finetuned,TriviaMC,2,entropy,0.1124314143044649,0.1124314143044649
finetuned,TriviaMC,3,entropy,0.13855224588625703,0.13855224588625703
finetuned,TriviaMC,4,entropy,0.1593860420412898,0.1593860420412898
finetuned,TriviaMC,5,entropy,0.16486851731817342,0.16486851731817342
finetuned,TriviaMC,6,entropy,0.16783319159200338,0.16783319159200338
finetuned,TriviaMC,7,entropy,0.19669948823810746,0.19669948823810746
finetuned,TriviaMC,8,entropy,0.2371070732803805,0.2371070732803805
finetuned,TriviaMC,9,entropy,0.26067856832034253,0.26067856832034253
finetuned,TriviaMC,10,entropy,0.32510147077194873,0.32510147077194873
finetuned,TriviaMC,11,entropy,0.36450225364305744,0.36450225364305744
finetuned,TriviaMC,12,entropy,0.5181361149865688,0.5181361149865688
finetuned,TriviaMC,13,entropy,0.7047186936603502,0.7047186936603502
finetuned,TriviaMC,14,entropy,0.8166860872911297,0.8166860872911297
finetuned,TriviaMC,15,entropy,0.8473357604657206,0.8473357604657206
finetuned,TriviaMC,16,entropy,0.8641347242560462,0.8641347242560462
finetuned,TriviaMC,17,entropy,0.8986992631923334,0.8986992631923334
finetuned,TriviaMC,18,entropy,0.9167850734186455,0.9167850734186455
finetuned,TriviaMC,19,entropy,0.9448366765503015,0.9448366765503015
finetuned,TriviaMC,20,entropy,0.9490936119062756,0.9490936119062756
finetuned,TriviaMC,21,entropy,0.9545838135067497,0.9545838135067497
finetuned,TriviaMC,22,entropy,0.9556214774397498,0.9556214774397498
finetuned,TriviaMC,23,entropy,0.9558413434873919,0.9558413434873919
finetuned,TriviaMC,24,entropy,0.9562758872850541,0.9562758872850541
finetuned,TriviaMC,25,entropy,0.955723213402761,0.955723213402761
finetuned,TriviaMC,26,entropy,0.9544376500824618,0.9544376500824618
finetuned,TriviaMC,27,entropy,0.9552532349177913,0.9552532349177913
finetuned,TriviaMC,28,entropy,0.9563569378632248,0.9563569378632248
finetuned,TriviaMC,29,entropy,0.9602460367317238,0.9602460367317238
finetuned,TriviaMC,30,entropy,0.9590270966472093,0.9590270966472093
finetuned,TriviaMC,31,entropy,0.9507504356946562,0.9507504356946562
finetuned,TriviaMC,0,stated_confidence,0.005367405872835795,0.005367405872835795
finetuned,TriviaMC,1,stated_confidence,0.01716570257593275,0.01716570257593275
finetuned,TriviaMC,2,stated_confidence,0.021263015929081308,0.021263015929081308
finetuned,TriviaMC,3,stated_confidence,0.04809890013408702,0.04809890013408702
finetuned,TriviaMC,4,stated_confidence,0.05325399936294972,0.05325399936294972
finetuned,TriviaMC,5,stated_confidence,0.062363831590817154,0.062363831590817154
finetuned,TriviaMC,6,stated_confidence,0.07243312894440734,0.07243312894440734
finetuned,TriviaMC,7,stated_confidence,0.1000529924506065,0.1000529924506065
finetuned,TriviaMC,8,stated_confidence,0.14839757761280692,0.14839757761280692
finetuned,TriviaMC,9,stated_confidence,0.1682658816984406,0.1682658816984406
finetuned,TriviaMC,10,stated_confidence,0.21529413817503806,0.21529413817503806
finetuned,TriviaMC,11,stated_confidence,0.24250818872968316,0.24250818872968316
finetuned,TriviaMC,12,stated_confidence,0.35300544692178926,0.35300544692178926
finetuned,TriviaMC,13,stated_confidence,0.4655209770693176,0.4655209770693176
finetuned,TriviaMC,14,stated_confidence,0.5208719066986776,0.5208719066986776
finetuned,TriviaMC,15,stated_confidence,0.5298906170609083,0.5298906170609083
finetuned,TriviaMC,16,stated_confidence,0.5257131625255321,0.5257131625255321
finetuned,TriviaMC,17,stated_confidence,0.5183451664899679,0.5183451664899679
finetuned,TriviaMC,18,stated_confidence,0.5191557888866271,0.5191557888866271
finetuned,TriviaMC,19,stated_confidence,0.5270219546393702,0.5270219546393702
finetuned,TriviaMC,20,stated_confidence,0.5217164456238073,0.5217164456238073
finetuned,TriviaMC,21,stated_confidence,0.5177786355690372,0.5177786355690372
finetuned,TriviaMC,22,stated_confidence,0.5217017960873414,0.5217017960873414
finetuned,TriviaMC,23,stated_confidence,0.5156927046517508,0.5156927046517508
finetuned,TriviaMC,24,stated_confidence,0.5128167072898914,0.5128167072898914
finetuned,TriviaMC,25,stated_confidence,0.511847652401535,0.511847652401535
finetuned,TriviaMC,26,stated_confidence,0.5079494356720045,0.5079494356720045
finetuned,TriviaMC,27,stated_confidence,0.5131465921777101,0.5131465921777101
finetuned,TriviaMC,28,stated_confidence,0.5100795181058804,0.5100795181058804
finetuned,TriviaMC,29,stated_confidence,0.5070156048427084,0.5070156048427084
finetuned,TriviaMC,30,stated_confidence,0.4973507498417201,0.4973507498417201
finetuned,TriviaMC,31,stated_confidence,0.4759183931116965,0.4759183931116965
finetuned,TriviaMC,0,is_correct,0.7175,0.7175
finetuned,TriviaMC,1,is_correct,0.715,0.715
finetuned,TriviaMC,2,is_correct,0.7025,0.7025
finetuned,TriviaMC,3,is_correct,0.6925,0.6925
finetuned,TriviaMC,4,is_correct,0.70125,0.70125
finetuned,TriviaMC,5,is_correct,0.7225,0.7225
finetuned,TriviaMC,6,is_correct,0.73375,0.73375
finetuned,TriviaMC,7,is_correct,0.71625,0.71625
finetuned,TriviaMC,8,is_correct,0.71875,0.71875
finetuned,TriviaMC,9,is_correct,0.73125,0.73125
finetuned,TriviaMC,10,is_correct,0.73,0.73
finetuned,TriviaMC,11,is_correct,0.73,0.73
finetuned,TriviaMC,12,is_correct,0.76,0.76
finetuned,TriviaMC,13,is_correct,0.7825,0.7825
finetuned,TriviaMC,14,is_correct,0.8,0.8
finetuned,TriviaMC,15,is_correct,0.78625,0.78625
finetuned,TriviaMC,16,is_correct,0.78625,0.78625
finetuned,TriviaMC,17,is_correct,0.77625,0.77625
finetuned,TriviaMC,18,is_correct,0.77125,0.77125
finetuned,TriviaMC,19,is_correct,0.7775,0.7775
finetuned,TriviaMC,20,is_correct,0.775,0.775
finetuned,TriviaMC,21,is_correct,0.78,0.78
finetuned,TriviaMC,22,is_correct,0.79,0.79
finetuned,TriviaMC,23,is_correct,0.78875,0.78875
finetuned,TriviaMC,24,is_correct,0.78875,0.78875
finetuned,TriviaMC,25,is_correct,0.78875,0.78875
finetuned,TriviaMC,26,is_correct,0.78,0.78
finetuned,TriviaMC,27,is_correct,0.795,0.795
finetuned,TriviaMC,28,is_correct,0.795,0.795
finetuned,TriviaMC,29,is_correct,0.795,0.795
finetuned,TriviaMC,30,is_correct,0.76875,0.76875
finetuned,TriviaMC,31,is_correct,0.7775,0.7775
base,SimpleMC,0,cross_margin_logit_to_entropy,-19.448303416813456,
base,SimpleMC,1,cross_margin_logit_to_entropy,-19.762162561586962,
base,SimpleMC,2,cross_margin_logit_to_entropy,-19.63297585552967,
base,SimpleMC,3,cross_margin_logit_to_entropy,-19.583544785634754,
base,SimpleMC,4,cross_margin_logit_to_entropy,-19.663492093794357,
base,SimpleMC,5,cross_margin_logit_to_entropy,-19.785463264587598,
base,SimpleMC,6,cross_margin_logit_to_entropy,-20.253358306006806,
base,SimpleMC,7,cross_margin_logit_to_entropy,-19.925238858822958,
base,SimpleMC,8,cross_margin_logit_to_entropy,-20.014141054958255,
base,SimpleMC,9,cross_margin_logit_to_entropy,-20.055398960265933,
base,SimpleMC,10,cross_margin_logit_to_entropy,-20.235437558817768,
base,SimpleMC,11,cross_margin_logit_to_entropy,-20.53751776800061,
base,SimpleMC,12,cross_margin_logit_to_entropy,-21.10470766277376,
base,SimpleMC,13,cross_margin_logit_to_entropy,-23.295370168852827,
base,SimpleMC,14,cross_margin_logit_to_entropy,-25.52327498526261,
base,SimpleMC,15,cross_margin_logit_to_entropy,-25.781271037979646,
base,SimpleMC,16,cross_margin_logit_to_entropy,-25.781181497965186,
base,SimpleMC,17,cross_margin_logit_to_entropy,-28.039993119446315,
base,SimpleMC,18,cross_margin_logit_to_entropy,-27.650683678734687,
base,SimpleMC,19,cross_margin_logit_to_entropy,-28.19431108502303,
base,SimpleMC,20,cross_margin_logit_to_entropy,-28.47098552559604,
base,SimpleMC,21,cross_margin_logit_to_entropy,-28.655023976517764,
base,SimpleMC,22,cross_margin_logit_to_entropy,-28.990110996849463,
base,SimpleMC,23,cross_margin_logit_to_entropy,-29.163788319477657,
base,SimpleMC,24,cross_margin_logit_to_entropy,-29.005203903874367,
base,SimpleMC,25,cross_margin_logit_to_entropy,-28.990248180440606,
base,SimpleMC,26,cross_margin_logit_to_entropy,-29.10641303364242,
base,SimpleMC,27,cross_margin_logit_to_entropy,-29.0198842219899,
base,SimpleMC,28,cross_margin_logit_to_entropy,-29.025191287099048,
base,SimpleMC,29,cross_margin_logit_to_entropy,-28.967251612552502,
base,SimpleMC,30,cross_margin_logit_to_entropy,-28.757395376317298,
base,SimpleMC,31,cross_margin_logit_to_entropy,-28.23474491979329,
base,SimpleMC,0,cross_margin_logit_to_stated_confidence,-105.06198391054978,
base,SimpleMC,1,cross_margin_logit_to_stated_confidence,-110.86021158463475,
base,SimpleMC,2,cross_margin_logit_to_stated_confidence,-111.49391956419393,
base,SimpleMC,3,cross_margin_logit_to_stated_confidence,-110.77358519538454,
base,SimpleMC,4,cross_margin_logit_to_stated_confidence,-112.60338814636656,
base,SimpleMC,5,cross_margin_logit_to_stated_confidence,-116.3612090417046,
base,SimpleMC,6,cross_margin_logit_to_stated_confidence,-135.6523071038793,
base,SimpleMC,7,cross_margin_logit_to_stated_confidence,-121.78399332069748,
base,SimpleMC,8,cross_margin_logit_to_stated_confidence,-126.59803749744214,
base,SimpleMC,9,cross_margin_logit_to_stated_confidence,-128.11226132173311,
base,SimpleMC,10,cross_margin_logit_to_stated_confidence,-131.84655313378602,
base,SimpleMC,11,cross_margin_logit_to_stated_confidence,-138.60935583441517,
base,SimpleMC,12,cross_margin_logit_to_stated_confidence,-157.19391349720152,
base,SimpleMC,13,cross_margin_logit_to_stated_confidence,-225.55180268655602,
base,SimpleMC,14,cross_margin_logit_to_stated_confidence,-301.2981668500524,
base,SimpleMC,15,cross_margin_logit_to_stated_confidence,-308.2615278276338,
base,SimpleMC,16,cross_margin_logit_to_stated_confidence,-308.5876372732525,
base,SimpleMC,17,cross_margin_logit_to_stated_confidence,-387.33134045922293,
base,SimpleMC,18,cross_margin_logit_to_stated_confidence,-373.1929012514545,
base,SimpleMC,19,cross_margin_logit_to_stated_confidence,-396.3633031809928,
base,SimpleMC,20,cross_margin_logit_to_stated_confidence,-403.35224267870893,
base,SimpleMC,21,cross_margin_logit_to_stated_confidence,-411.8917397165232,
base,SimpleMC,22,cross_margin_logit_to_stated_confidence,-428.25740214671185,
base,SimpleMC,23,cross_margin_logit_to_stated_confidence,-433.5766327064996,
base,SimpleMC,24,cross_margin_logit_to_stated_confidence,-426.38341984943173,
base,SimpleMC,25,cross_margin_logit_to_stated_confidence,-422.427229549327,
base,SimpleMC,26,cross_margin_logit_to_stated_confidence,-426.15656984933736,
base,SimpleMC,27,cross_margin_logit_to_stated_confidence,-420.53947237162083,
base,SimpleMC,28,cross_margin_logit_to_stated_confidence,-417.95920946883837,
base,SimpleMC,29,cross_margin_logit_to_stated_confidence,-415.78826230723746,
base,SimpleMC,30,cross_margin_logit_to_stated_confidence,-409.92323292726576,
base,SimpleMC,31,cross_margin_logit_to_stated_confidence,-400.74480130782666,
base,SimpleMC,0,cross_margin_logit_to_is_correct,0.52,
base,SimpleMC,1,cross_margin_logit_to_is_correct,0.508,
base,SimpleMC,2,cross_margin_logit_to_is_correct,0.508,
base,SimpleMC,3,cross_margin_logit_to_is_correct,0.504,
base,SimpleMC,4,cross_margin_logit_to_is_correct,0.508,
base,SimpleMC,5,cross_margin_logit_to_is_correct,0.504,
base,SimpleMC,6,cross_margin_logit_to_is_correct,0.52,
base,SimpleMC,7,cross_margin_logit_to_is_correct,0.512,
base,SimpleMC,8,cross_margin_logit_to_is_correct,0.5,
base,SimpleMC,9,cross_margin_logit_to_is_correct,0.504,
base,SimpleMC,10,cross_margin_logit_to_is_correct,0.5,
base,SimpleMC,11,cross_margin_logit_to_is_correct,0.5,
base,SimpleMC,12,cross_margin_logit_to_is_correct,0.508,
base,SimpleMC,13,cross_margin_logit_to_is_correct,0.512,
base,SimpleMC,14,cross_margin_logit_to_is_correct,0.508,
base,SimpleMC,15,cross_margin_logit_to_is_correct,0.504,
base,SimpleMC,16,cross_margin_logit_to_is_correct,0.508,
base,SimpleMC,17,cross_margin_logit_to_is_correct,0.512,
base,SimpleMC,18,cross_margin_logit_to_is_correct,0.512,
base,SimpleMC,19,cross_margin_logit_to_is_correct,0.504,
base,SimpleMC,20,cross_margin_logit_to_is_correct,0.504,
base,SimpleMC,21,cross_margin_logit_to_is_correct,0.504,
base,SimpleMC,22,cross_margin_logit_to_is_correct,0.504,
base,SimpleMC,23,cross_margin_logit_to_is_correct,0.508,
base,SimpleMC,24,cross_margin_logit_to_is_correct,0.508,
base,SimpleMC,25,cross_margin_logit_to_is_correct,0.504,
base,SimpleMC,26,cross_margin_logit_to_is_correct,0.516,
base,SimpleMC,27,cross_margin_logit_to_is_correct,0.512,
base,SimpleMC,28,cross_margin_logit_to_is_correct,0.512,
base,SimpleMC,29,cross_margin_logit_to_is_correct,0.504,
base,SimpleMC,30,cross_margin_logit_to_is_correct,0.52,
base,SimpleMC,31,cross_margin_logit_to_is_correct,0.508,
base,SimpleMC,0,cross_entropy_to_margin_logit,-1.95591066530607,
base,SimpleMC,1,cross_entropy_to_margin_logit,-1.9769688424123792,
base,SimpleMC,2,cross_entropy_to_margin_logit,-1.9680750045971536,
base,SimpleMC,3,cross_entropy_to_margin_logit,-1.9616576807271908,
base,SimpleMC,4,cross_entropy_to_margin_logit,-1.9730409862927494,
base,SimpleMC,5,cross_entropy_to_margin_logit,-1.9796132289823563,
base,SimpleMC,6,cross_entropy_to_margin_logit,-1.9981522881512945,
base,SimpleMC,7,cross_entropy_to_margin_logit,-1.9899345094581449,
base,SimpleMC,8,cross_entropy_to_margin_logit,-1.9923669004337436,
base,SimpleMC,9,cross_entropy_to_margin_logit,-2.000962051442221,
base,SimpleMC,10,cross_entropy_to_margin_logit,-2.0183008585080815,
base,SimpleMC,11,cross_entropy_to_margin_logit,-2.0622602009271946,
base,SimpleMC,12,cross_entropy_to_margin_logit,-2.096185236455069,
base,SimpleMC,13,cross_entropy_to_margin_logit,-2.2176817876174737,
base,SimpleMC,14,cross_entropy_to_margin_logit,-2.3332086923037614,
base,SimpleMC,15,cross_entropy_to_margin_logit,-2.346833872563257,
base,SimpleMC,16,cross_entropy_to_margin_logit,-2.3589757253170633,
base,SimpleMC,17,cross_entropy_to_margin_logit,-2.4422740985849822,
base,SimpleMC,18,cross_entropy_to_margin_logit,-2.4561753525925125,
base,SimpleMC,19,cross_entropy_to_margin_logit,-2.453184665644076,
base,SimpleMC,20,cross_entropy_to_margin_logit,-2.4622610818088737,
base,SimpleMC,21,cross_entropy_to_margin_logit,-2.46097098032125,
base,SimpleMC,22,cross_entropy_to_margin_logit,-2.4735679242259674,
base,SimpleMC,23,cross_entropy_to_margin_logit,-2.4736184524566807,
base,SimpleMC,24,cross_entropy_to_margin_logit,-2.4750453490255806,
base,SimpleMC,25,cross_entropy_to_margin_logit,-2.4744738077374,
base,SimpleMC,26,cross_entropy_to_margin_logit,-2.470823188594938,
base,SimpleMC,27,cross_entropy_to_margin_logit,-2.472568075439888,
base,SimpleMC,28,cross_entropy_to_margin_logit,-2.4761925926691446,
base,SimpleMC,29,cross_entropy_to_margin_logit,-2.482402821665085,
base,SimpleMC,30,cross_entropy_to_margin_logit,-2.474474219884882,
base,SimpleMC,31,cross_entropy_to_margin_logit,-2.447379906419418,
base,SimpleMC,0,cross_entropy_to_stated_confidence,-685.3736224121925,
base,SimpleMC,1,cross_entropy_to_stated_confidence,-690.4089788724698,
base,SimpleMC,2,cross_entropy_to_stated_confidence,-686.0702471576267,
base,SimpleMC,3,cross_entropy_to_stated_confidence,-686.0847481316465,
base,SimpleMC,4,cross_entropy_to_stated_confidence,-688.4857055584343,
base,SimpleMC,5,cross_entropy_to_stated_confidence,-689.5209143905654,
base,SimpleMC,6,cross_entropy_to_stated_confidence,-691.4168082840802,
base,SimpleMC,7,cross_entropy_to_stated_confidence,-688.722742703537,
base,SimpleMC,8,cross_entropy_to_stated_confidence,-688.9713302213022,
base,SimpleMC,9,cross_entropy_to_stated_confidence,-690.8621208818435,
base,SimpleMC,10,cross_entropy_to_stated_confidence,-690.030249223188,
base,SimpleMC,11,cross_entropy_to_stated_confidence,-695.3989289866978,
base,SimpleMC,12,cross_entropy_to_stated_confidence,-699.0144197430759,
base,SimpleMC,13,cross_entropy_to_stated_confidence,-714.1301375253121,
base,SimpleMC,14,cross_entropy_to_stated_confidence,-716.9596150452817,
base,SimpleMC,15,cross_entropy_to_stated_confidence,-717.3699583882013,
base,SimpleMC,16,cross_entropy_to_stated_confidence,-718.7151874558986,
base,SimpleMC,17,cross_entropy_to_stated_confidence,-726.3217027186953,
base,SimpleMC,18,cross_entropy_to_stated_confidence,-727.4307210275531,
base,SimpleMC,19,cross_entropy_to_stated_confidence,-727.4817932386281,
base,SimpleMC,20,cross_entropy_to_stated_confidence,-728.1787839788749,
base,SimpleMC,21,cross_entropy_to_stated_confidence,-728.3873724563637,
base,SimpleMC,22,cross_entropy_to_stated_confidence,-729.5360653381418,
base,SimpleMC,23,cross_entropy_to_stated_confidence,-728.5696411597813,
base,SimpleMC,24,cross_entropy_to_stated_confidence,-728.5665611649777,
base,SimpleMC,25,cross_entropy_to_stated_confidence,-729.0592915860959,
base,SimpleMC,26,cross_entropy_to_stated_confidence,-728.4355553489395,
base,SimpleMC,27,cross_entropy_to_stated_confidence,-729.2941003534706,
base,SimpleMC,28,cross_entropy_to_stated_confidence,-730.0345666802359,
base,SimpleMC,29,cross_entropy_to_stated_confidence,-730.75925312066,
base,SimpleMC,30,cross_entropy_to_stated_confidence,-728.8610982512705,
base,SimpleMC,31,cross_entropy_to_stated_confidence,-728.0673790136013,
base,SimpleMC,0,cross_entropy_to_is_correct,0.512,
base,SimpleMC,1,cross_entropy_to_is_correct,0.512,
base,SimpleMC,2,cross_entropy_to_is_correct,0.508,
base,SimpleMC,3,cross_entropy_to_is_correct,0.5,
base,SimpleMC,4,cross_entropy_to_is_correct,0.5,
base,SimpleMC,5,cross_entropy_to_is_correct,0.508,
base,SimpleMC,6,cross_entropy_to_is_correct,0.512,
base,SimpleMC,7,cross_entropy_to_is_correct,0.504,
base,SimpleMC,8,cross_entropy_to_is_correct,0.504,
base,SimpleMC,9,cross_entropy_to_is_correct,0.504,
base,SimpleMC,10,cross_entropy_to_is_correct,0.5,
base,SimpleMC,11,cross_entropy_to_is_correct,0.5,
base,SimpleMC,12,cross_entropy_to_is_correct,0.504,
base,SimpleMC,13,cross_entropy_to_is_correct,0.508,
base,SimpleMC,14,cross_entropy_to_is_correct,0.516,
base,SimpleMC,15,cross_entropy_to_is_correct,0.508,
base,SimpleMC,16,cross_entropy_to_is_correct,0.504,
base,SimpleMC,17,cross_entropy_to_is_correct,0.508,
base,SimpleMC,18,cross_entropy_to_is_correct,0.508,
base,SimpleMC,19,cross_entropy_to_is_correct,0.504,
base,SimpleMC,20,cross_entropy_to_is_correct,0.508,
base,SimpleMC,21,cross_entropy_to_is_correct,0.508,
base,SimpleMC,22,cross_entropy_to_is_correct,0.508,
base,SimpleMC,23,cross_entropy_to_is_correct,0.504,
base,SimpleMC,24,cross_entropy_to_is_correct,0.508,
base,SimpleMC,25,cross_entropy_to_is_correct,0.504,
base,SimpleMC,26,cross_entropy_to_is_correct,0.504,
base,SimpleMC,27,cross_entropy_to_is_correct,0.504,
base,SimpleMC,28,cross_entropy_to_is_correct,0.504,
base,SimpleMC,29,cross_entropy_to_is_correct,0.508,
base,SimpleMC,30,cross_entropy_to_is_correct,0.508,
base,SimpleMC,31,cross_entropy_to_is_correct,0.504,
base,SimpleMC,0,cross_stated_confidence_to_margin_logit,-0.06566129331149773,
base,SimpleMC,1,cross_stated_confidence_to_margin_logit,-0.06572772128476467,
base,SimpleMC,2,cross_stated_confidence_to_margin_logit,-0.06359271890995921,
base,SimpleMC,3,cross_stated_confidence_to_margin_logit,-0.06271459575550176,
base,SimpleMC,4,cross_stated_confidence_to_margin_logit,-0.062209888789920065,
base,SimpleMC,5,cross_stated_confidence_to_margin_logit,-0.06137268101487403,
base,SimpleMC,6,cross_stated_confidence_to_margin_logit,-0.060932882455991155,
base,SimpleMC,7,cross_stated_confidence_to_margin_logit,-0.06070351866992185,
base,SimpleMC,8,cross_stated_confidence_to_margin_logit,-0.060510957601826565,
base,SimpleMC,9,cross_stated_confidence_to_margin_logit,-0.05995694584559175,
base,SimpleMC,10,cross_stated_confidence_to_margin_logit,-0.057521516143616225,
base,SimpleMC,11,cross_stated_confidence_to_margin_logit,-0.058298809879899105,
base,SimpleMC,12,cross_stated_confidence_to_margin_logit,-0.05697267072043055,
base,SimpleMC,13,cross_stated_confidence_to_margin_logit,-0.05252189543104335,
base,SimpleMC,14,cross_stated_confidence_to_margin_logit,-0.05369327477406527,
base,SimpleMC,15,cross_stated_confidence_to_margin_logit,-0.053953863591139406,
base,SimpleMC,16,cross_stated_confidence_to_margin_logit,-0.05348978160291251,
base,SimpleMC,17,cross_stated_confidence_to_margin_logit,-0.051764184006489966,
base,SimpleMC,18,cross_stated_confidence_to_margin_logit,-0.05236397570225315,
base,SimpleMC,19,cross_stated_confidence_to_margin_logit,-0.05275986941832489,
base,SimpleMC,20,cross_stated_confidence_to_margin_logit,-0.052214443398239,
base,SimpleMC,21,cross_stated_confidence_to_margin_logit,-0.05217412663178811,
base,SimpleMC,22,cross_stated_confidence_to_margin_logit,-0.051672400720777834,
base,SimpleMC,23,cross_stated_confidence_to_margin_logit,-0.05095193505624129,
base,SimpleMC,24,cross_stated_confidence_to_margin_logit,-0.05138195973750581,
base,SimpleMC,25,cross_stated_confidence_to_margin_logit,-0.051893699715017005,
base,SimpleMC,26,cross_stated_confidence_to_margin_logit,-0.05132448263741152,
base,SimpleMC,27,cross_stated_confidence_to_margin_logit,-0.050811515027884946,
base,SimpleMC,28,cross_stated_confidence_to_margin_logit,-0.05107569003518275,
base,SimpleMC,29,cross_stated_confidence_to_margin_logit,-0.05015611112742602,
base,SimpleMC,30,cross_stated_confidence_to_margin_logit,-0.04806815130691455,
base,SimpleMC,31,cross_stated_confidence_to_margin_logit,-0.04945835305791335,
base,SimpleMC,0,cross_stated_confidence_to_entropy,-11.40043319011981,
base,SimpleMC,1,cross_stated_confidence_to_entropy,-11.406276208115923,
base,SimpleMC,2,cross_stated_confidence_to_entropy,-11.409629909439877,
base,SimpleMC,3,cross_stated_confidence_to_entropy,-11.411636058512517,
base,SimpleMC,4,cross_stated_confidence_to_entropy,-11.407731869858315,
base,SimpleMC,5,cross_stated_confidence_to_entropy,-11.415164344170465,
base,SimpleMC,6,cross_stated_confidence_to_entropy,-11.415204337081512,
base,SimpleMC,7,cross_stated_confidence_to_entropy,-11.413589353489964,
base,SimpleMC,8,cross_stated_confidence_to_entropy,-11.412630012236722,
base,SimpleMC,9,cross_stated_confidence_to_entropy,-11.409835422934076,
base,SimpleMC,10,cross_stated_confidence_to_entropy,-11.42981430504576,
base,SimpleMC,11,cross_stated_confidence_to_entropy,-11.426269518435333,
base,SimpleMC,12,cross_stated_confidence_to_entropy,-11.43876989213339,
base,SimpleMC,13,cross_stated_confidence_to_entropy,-11.44566957506679,
base,SimpleMC,14,cross_stated_confidence_to_entropy,-11.440049017868851,
base,SimpleMC,15,cross_stated_confidence_to_entropy,-11.439454185455093,
base,SimpleMC,16,cross_stated_confidence_to_entropy,-11.44050917832467,
base,SimpleMC,17,cross_stated_confidence_to_entropy,-11.441681891624588,
base,SimpleMC,18,cross_stated_confidence_to_entropy,-11.443999025127754,
base,SimpleMC,19,cross_stated_confidence_to_entropy,-11.442223796384544,
base,SimpleMC,20,cross_stated_confidence_to_entropy,-11.443951983081616,
base,SimpleMC,21,cross_stated_confidence_to_entropy,-11.441603563646046,
base,SimpleMC,22,cross_stated_confidence_to_entropy,-11.443656103641018,
base,SimpleMC,23,cross_stated_confidence_to_entropy,-11.441668036468169,
base,SimpleMC,24,cross_stated_confidence_to_entropy,-11.438489738410372,
base,SimpleMC,25,cross_stated_confidence_to_entropy,-11.439644287916343,
base,SimpleMC,26,cross_stated_confidence_to_entropy,-11.44407169252675,
base,SimpleMC,27,cross_stated_confidence_to_entropy,-11.442019476730898,
base,SimpleMC,28,cross_stated_confidence_to_entropy,-11.445710051755938,
base,SimpleMC,29,cross_stated_confidence_to_entropy,-11.445979966806139,
base,SimpleMC,30,cross_stated_confidence_to_entropy,-11.450754527730291,
base,SimpleMC,31,cross_stated_confidence_to_entropy,-11.44896864893113,
base,SimpleMC,0,cross_stated_confidence_to_is_correct,0.508,
base,SimpleMC,1,cross_stated_confidence_to_is_correct,0.516,
base,SimpleMC,2,cross_stated_confidence_to_is_correct,0.524,
base,SimpleMC,3,cross_stated_confidence_to_is_correct,0.524,
base,SimpleMC,4,cross_stated_confidence_to_is_correct,0.516,
base,SimpleMC,5,cross_stated_confidence_to_is_correct,0.504,
base,SimpleMC,6,cross_stated_confidence_to_is_correct,0.508,
base,SimpleMC,7,cross_stated_confidence_to_is_correct,0.512,
base,SimpleMC,8,cross_stated_confidence_to_is_correct,0.52,
base,SimpleMC,9,cross_stated_confidence_to_is_correct,0.508,
base,SimpleMC,10,cross_stated_confidence_to_is_correct,0.532,
base,SimpleMC,11,cross_stated_confidence_to_is_correct,0.512,
base,SimpleMC,12,cross_stated_confidence_to_is_correct,0.504,
base,SimpleMC,13,cross_stated_confidence_to_is_correct,0.528,
base,SimpleMC,14,cross_stated_confidence_to_is_correct,0.52,
base,SimpleMC,15,cross_stated_confidence_to_is_correct,0.528,
base,SimpleMC,16,cross_stated_confidence_to_is_correct,0.528,
base,SimpleMC,17,cross_stated_confidence_to_is_correct,0.54,
base,SimpleMC,18,cross_stated_confidence_to_is_correct,0.544,
base,SimpleMC,19,cross_stated_confidence_to_is_correct,0.536,
base,SimpleMC,20,cross_stated_confidence_to_is_correct,0.54,
base,SimpleMC,21,cross_stated_confidence_to_is_correct,0.532,
base,SimpleMC,22,cross_stated_confidence_to_is_correct,0.54,
base,SimpleMC,23,cross_stated_confidence_to_is_correct,0.532,
base,SimpleMC,24,cross_stated_confidence_to_is_correct,0.528,
base,SimpleMC,25,cross_stated_confidence_to_is_correct,0.528,
base,SimpleMC,26,cross_stated_confidence_to_is_correct,0.532,
base,SimpleMC,27,cross_stated_confidence_to_is_correct,0.528,
base,SimpleMC,28,cross_stated_confidence_to_is_correct,0.524,
base,SimpleMC,29,cross_stated_confidence_to_is_correct,0.516,
base,SimpleMC,30,cross_stated_confidence_to_is_correct,0.52,
base,SimpleMC,31,cross_stated_confidence_to_is_correct,0.508,
base,SimpleMC,0,cross_is_correct_to_margin_logit,-0.6979608066630467,
base,SimpleMC,1,cross_is_correct_to_margin_logit,-0.6512634322438724,
base,SimpleMC,2,cross_is_correct_to_margin_logit,-0.7107943879979051,
base,SimpleMC,3,cross_is_correct_to_margin_logit,-0.7034408395688074,
base,SimpleMC,4,cross_is_correct_to_margin_logit,-0.6883122017178613,
base,SimpleMC,5,cross_is_correct_to_margin_logit,-0.7541194344750728,
base,SimpleMC,6,cross_is_correct_to_margin_logit,-0.7490609425620629,
base,SimpleMC,7,cross_is_correct_to_margin_logit,-0.7205366687192574,
base,SimpleMC,8,cross_is_correct_to_margin_logit,-0.7717773182825238,
base,SimpleMC,9,cross_is_correct_to_margin_logit,-0.7397402028334614,
base,SimpleMC,10,cross_is_correct_to_margin_logit,-0.6980544824392136,
base,SimpleMC,11,cross_is_correct_to_margin_logit,-0.6684529371704893,
base,SimpleMC,12,cross_is_correct_to_margin_logit,-0.6659236912139843,
base,SimpleMC,13,cross_is_correct_to_margin_logit,-0.7631591468751737,
base,SimpleMC,14,cross_is_correct_to_margin_logit,-0.6783825694441752,
base,SimpleMC,15,cross_is_correct_to_margin_logit,-0.6980544824392136,
base,SimpleMC,16,cross_is_correct_to_margin_logit,-0.6932770178547043,
base,SimpleMC,17,cross_is_correct_to_margin_logit,-0.7079841147128996,
base,SimpleMC,18,cross_is_correct_to_margin_logit,-0.7415200425806316,
base,SimpleMC,19,cross_is_correct_to_margin_logit,-0.7188505047482541,
base,SimpleMC,20,cross_is_correct_to_margin_logit,-0.7289674885742738,
base,SimpleMC,21,cross_is_correct_to_margin_logit,-0.7227848873472618,
base,SimpleMC,22,cross_is_correct_to_margin_logit,-0.7199746140622563,
base,SimpleMC,23,cross_is_correct_to_margin_logit,-0.7404896090427961,
base,SimpleMC,24,cross_is_correct_to_margin_logit,-0.7196935867337557,
base,SimpleMC,25,cross_is_correct_to_margin_logit,-0.718944180524421,
base,SimpleMC,26,cross_is_correct_to_margin_logit,-0.7096702786839029,
base,SimpleMC,27,cross_is_correct_to_margin_logit,-0.6927149631977032,
base,SimpleMC,28,cross_is_correct_to_margin_logit,-0.7064853022942299,
base,SimpleMC,29,cross_is_correct_to_margin_logit,-0.71510347370158,
base,SimpleMC,30,cross_is_correct_to_margin_logit,-0.6956189122588754,
base,SimpleMC,31,cross_is_correct_to_margin_logit,-0.6776331632348405,
base,SimpleMC,0,cross_is_correct_to_entropy,-39.16442461243878,
base,SimpleMC,1,cross_is_correct_to_entropy,-38.46581562901716,
base,SimpleMC,2,cross_is_correct_to_entropy,-38.31132194668749,
base,SimpleMC,3,cross_is_correct_to_entropy,-37.67658989295649,
base,SimpleMC,4,cross_is_correct_to_entropy,-37.84291878130676,
base,SimpleMC,5,cross_is_correct_to_entropy,-37.23426289411181,
base,SimpleMC,6,cross_is_correct_to_entropy,-38.15945523765679,
base,SimpleMC,7,cross_is_correct_to_entropy,-38.0360981020075,
base,SimpleMC,8,cross_is_correct_to_entropy,-38.60507286621282,
base,SimpleMC,9,cross_is_correct_to_entropy,-38.293652094708136,
base,SimpleMC,10,cross_is_correct_to_entropy,-36.99670155083382,
base,SimpleMC,11,cross_is_correct_to_entropy,-38.036706453718836,
base,SimpleMC,12,cross_is_correct_to_entropy,-37.38693152130745,
base,SimpleMC,13,cross_is_correct_to_entropy,-37.019735958813165,
base,SimpleMC,14,cross_is_correct_to_entropy,-38.81470533547024,
base,SimpleMC,15,cross_is_correct_to_entropy,-38.66018400079005,
base,SimpleMC,16,cross_is_correct_to_entropy,-38.07384356046105,
base,SimpleMC,17,cross_is_correct_to_entropy,-38.26685696705869,
base,SimpleMC,18,cross_is_correct_to_entropy,-38.091817588296074,
base,SimpleMC,19,cross_is_correct_to_entropy,-38.37276546953276,
base,SimpleMC,20,cross_is_correct_to_entropy,-38.37940203365646,
base,SimpleMC,21,cross_is_correct_to_entropy,-38.34461537670806,
base,SimpleMC,22,cross_is_correct_to_entropy,-39.04571307167607,
base,SimpleMC,23,cross_is_correct_to_entropy,-39.33103002429419,
base,SimpleMC,24,cross_is_correct_to_entropy,-38.90728540499587,
base,SimpleMC,25,cross_is_correct_to_entropy,-39.32372980375812,
base,SimpleMC,26,cross_is_correct_to_entropy,-39.485219530768184,
base,SimpleMC,27,cross_is_correct_to_entropy,-39.858083825118136,
base,SimpleMC,28,cross_is_correct_to_entropy,-39.43926132421156,
base,SimpleMC,29,cross_is_correct_to_entropy,-39.403976924953874,
base,SimpleMC,30,cross_is_correct_to_entropy,-39.462046861036264,
base,SimpleMC,31,cross_is_correct_to_entropy,-39.08663855043889,
base,SimpleMC,0,cross_is_correct_to_stated_confidence,-604.5242338273088,
base,SimpleMC,1,cross_is_correct_to_stated_confidence,-594.7798967326528,
base,SimpleMC,2,cross_is_correct_to_stated_confidence,-595.4937664961774,
base,SimpleMC,3,cross_is_correct_to_stated_confidence,-588.8942983134133,
base,SimpleMC,4,cross_is_correct_to_stated_confidence,-589.5338664696533,
base,SimpleMC,5,cross_is_correct_to_stated_confidence,-587.7944219517409,
base,SimpleMC,6,cross_is_correct_to_stated_confidence,-595.8000156380538,
base,SimpleMC,7,cross_is_correct_to_stated_confidence,-593.3564643874054,
base,SimpleMC,8,cross_is_correct_to_stated_confidence,-602.1525459873787,
base,SimpleMC,9,cross_is_correct_to_stated_confidence,-596.9663251727661,
base,SimpleMC,10,cross_is_correct_to_stated_confidence,-586.2010047910483,
base,SimpleMC,11,cross_is_correct_to_stated_confidence,-596.1529561161187,
base,SimpleMC,12,cross_is_correct_to_stated_confidence,-588.0594125562378,
base,SimpleMC,13,cross_is_correct_to_stated_confidence,-587.6087598140986,
base,SimpleMC,14,cross_is_correct_to_stated_confidence,-602.9527008894208,
base,SimpleMC,15,cross_is_correct_to_stated_confidence,-602.030089997909,
base,SimpleMC,16,cross_is_correct_to_stated_confidence,-596.3353572939104,
base,SimpleMC,17,cross_is_correct_to_stated_confidence,-596.819454563215,
base,SimpleMC,18,cross_is_correct_to_stated_confidence,-596.555623510709,
base,SimpleMC,19,cross_is_correct_to_stated_confidence,-598.2613353742358,
base,SimpleMC,20,cross_is_correct_to_stated_confidence,-598.9610497675691,
base,SimpleMC,21,cross_is_correct_to_stated_confidence,-597.3992952272552,
base,SimpleMC,22,cross_is_correct_to_stated_confidence,-604.7133073912393,
base,SimpleMC,23,cross_is_correct_to_stated_confidence,-608.2759991895084,
base,SimpleMC,24,cross_is_correct_to_stated_confidence,-604.2023886791395,
base,SimpleMC,25,cross_is_correct_to_stated_confidence,-608.5215066313696,
base,SimpleMC,26,cross_is_correct_to_stated_confidence,-609.3693280201705,
base,SimpleMC,27,cross_is_correct_to_stated_confidence,-611.7210576076927,
base,SimpleMC,28,cross_is_correct_to_stated_confidence,-607.9082457709071,
base,SimpleMC,29,cross_is_correct_to_stated_confidence,-608.2109362214716,
base,SimpleMC,30,cross_is_correct_to_stated_confidence,-607.5627082415552,
base,SimpleMC,31,cross_is_correct_to_stated_confidence,-602.7112016173352,
base,TriviaMC,0,cross_margin_logit_to_entropy,-16.890580871412027,
base,TriviaMC,1,cross_margin_logit_to_entropy,-17.545346265948126,
base,TriviaMC,2,cross_margin_logit_to_entropy,-18.187140183148863,
base,TriviaMC,3,cross_margin_logit_to_entropy,-17.969500275053484,
base,TriviaMC,4,cross_margin_logit_to_entropy,-18.1392617291073,
base,TriviaMC,5,cross_margin_logit_to_entropy,-18.400998665247613,
base,TriviaMC,6,cross_margin_logit_to_entropy,-18.74552948401283,
base,TriviaMC,7,cross_margin_logit_to_entropy,-18.874683806482462,
base,TriviaMC,8,cross_margin_logit_to_entropy,-20.469702423376937,
base,TriviaMC,9,cross_margin_logit_to_entropy,-21.788049773194672,
base,TriviaMC,10,cross_margin_logit_to_entropy,-22.38427719398019,
base,TriviaMC,11,cross_margin_logit_to_entropy,-23.735289447076013,
base,TriviaMC,12,cross_margin_logit_to_entropy,-25.511429089013543,
base,TriviaMC,13,cross_margin_logit_to_entropy,-29.827736252949748,
base,TriviaMC,14,cross_margin_logit_to_entropy,-32.39016282771742,
base,TriviaMC,15,cross_margin_logit_to_entropy,-32.636689919996215,
base,TriviaMC,16,cross_margin_logit_to_entropy,-32.83766439753037,
base,TriviaMC,17,cross_margin_logit_to_entropy,-33.3456832299523,
base,TriviaMC,18,cross_margin_logit_to_entropy,-33.98314070943758,
base,TriviaMC,19,cross_margin_logit_to_entropy,-34.04950576696414,
base,TriviaMC,20,cross_margin_logit_to_entropy,-34.202319301453585,
base,TriviaMC,21,cross_margin_logit_to_entropy,-34.680112644790185,
base,TriviaMC,22,cross_margin_logit_to_entropy,-34.441798663108656,
base,TriviaMC,23,cross_margin_logit_to_entropy,-34.42118873822232,
base,TriviaMC,24,cross_margin_logit_to_entropy,-34.478810661059924,
base,TriviaMC,25,cross_margin_logit_to_entropy,-34.5371281161189,
base,TriviaMC,26,cross_margin_logit_to_entropy,-34.56365581402522,
base,TriviaMC,27,cross_margin_logit_to_entropy,-34.445125596285024,
base,TriviaMC,28,cross_margin_logit_to_entropy,-34.63206370794236,
base,TriviaMC,29,cross_margin_logit_to_entropy,-34.71053336268681,
base,TriviaMC,30,cross_margin_logit_to_entropy,-34.55627483192844,
base,TriviaMC,31,cross_margin_logit_to_entropy,-34.24531920109256,
base,TriviaMC,0,cross_margin_logit_to_stated_confidence,-3602.9033535025883,
base,TriviaMC,1,cross_margin_logit_to_stated_confidence,-3670.234093263845,
base,TriviaMC,2,cross_margin_logit_to_stated_confidence,-3766.933246152322,
base,TriviaMC,3,cross_margin_logit_to_stated_confidence,-3707.437622296165,
base,TriviaMC,4,cross_margin_logit_to_stated_confidence,-3743.972980637105,
base,TriviaMC,5,cross_margin_logit_to_stated_confidence,-3779.6386187516423,
base,TriviaMC,6,cross_margin_logit_to_stated_confidence,-3840.8472308347023,
base,TriviaMC,7,cross_margin_logit_to_stated_confidence,-3842.1517089744016,
base,TriviaMC,8,cross_margin_logit_to_stated_confidence,-4087.836439583521,
base,TriviaMC,9,cross_margin_logit_to_stated_confidence,-4281.4027308836585,
base,TriviaMC,10,cross_margin_logit_to_stated_confidence,-4367.002428043957,
base,TriviaMC,11,cross_margin_logit_to_stated_confidence,-4567.792664453418,
base,TriviaMC,12,cross_margin_logit_to_stated_confidence,-4790.107928326053,
base,TriviaMC,13,cross_margin_logit_to_stated_confidence,-5468.290285622182,
base,TriviaMC,14,cross_margin_logit_to_stated_confidence,-5853.430037048636,
base,TriviaMC,15,cross_margin_logit_to_stated_confidence,-5895.171804450116,
base,TriviaMC,16,cross_margin_logit_to_stated_confidence,-5924.421549168849,
base,TriviaMC,17,cross_margin_logit_to_stated_confidence,-5997.971475068115,
base,TriviaMC,18,cross_margin_logit_to_stated_confidence,-6113.004508832696,
base,TriviaMC,19,cross_margin_logit_to_stated_confidence,-6125.423173237551,
base,TriviaMC,20,cross_margin_logit_to_stated_confidence,-6150.90435176644,
base,TriviaMC,21,cross_margin_logit_to_stated_confidence,-6242.593539859318,
base,TriviaMC,22,cross_margin_logit_to_stated_confidence,-6191.024430245694,
base,TriviaMC,23,cross_margin_logit_to_stated_confidence,-6189.010936774,
base,TriviaMC,24,cross_margin_logit_to_stated_confidence,-6196.786842207016,
base,TriviaMC,25,cross_margin_logit_to_stated_confidence,-6209.262932170283,
base,TriviaMC,26,cross_margin_logit_to_stated_confidence,-6214.7636368824415,
base,TriviaMC,27,cross_margin_logit_to_stated_confidence,-6190.30825277608,
base,TriviaMC,28,cross_margin_logit_to_stated_confidence,-6227.7335194169145,
base,TriviaMC,29,cross_margin_logit_to_stated_confidence,-6240.1369955326445,
base,TriviaMC,30,cross_margin_logit_to_stated_confidence,-6208.09561749759,
base,TriviaMC,31,cross_margin_logit_to_stated_confidence,-6154.52286126487,
base,TriviaMC,0,cross_margin_logit_to_is_correct,0.5925,
base,TriviaMC,1,cross_margin_logit_to_is_correct,0.6025,
base,TriviaMC,2,cross_margin_logit_to_is_correct,0.6225,
base,TriviaMC,3,cross_margin_logit_to_is_correct,0.615,
base,TriviaMC,4,cross_margin_logit_to_is_correct,0.62,
base,TriviaMC,5,cross_margin_logit_to_is_correct,0.635,
base,TriviaMC,6,cross_margin_logit_to_is_correct,0.63,
base,TriviaMC,7,cross_margin_logit_to_is_correct,0.63,
base,TriviaMC,8,cross_margin_logit_to_is_correct,0.64,
base,TriviaMC,9,cross_margin_logit_to_is_correct,0.6575,
base,TriviaMC,10,cross_margin_logit_to_is_correct,0.6725,
base,TriviaMC,11,cross_margin_logit_to_is_correct,0.6775,
base,TriviaMC,12,cross_margin_logit_to_is_correct,0.7025,
base,TriviaMC,13,cross_margin_logit_to_is_correct,0.7275,
base,TriviaMC,14,cross_margin_logit_to_is_correct,0.74,
base,TriviaMC,15,cross_margin_logit_to_is_correct,0.7425,
base,TriviaMC,16,cross_margin_logit_to_is_correct,0.7425,
base,TriviaMC,17,cross_margin_logit_to_is_correct,0.75,
base,TriviaMC,18,cross_margin_logit_to_is_correct,0.75,
base,TriviaMC,19,cross_margin_logit_to_is_correct,0.7475,
base,TriviaMC,20,cross_margin_logit_to_is_correct,0.7475,
base,TriviaMC,21,cross_margin_logit_to_is_correct,0.7475,
base,TriviaMC,22,cross_margin_logit_to_is_correct,0.7425,
base,TriviaMC,23,cross_margin_logit_to_is_correct,0.7425,
base,TriviaMC,24,cross_margin_logit_to_is_correct,0.7425,
base,TriviaMC,25,cross_margin_logit_to_is_correct,0.745,
base,TriviaMC,26,cross_margin_logit_to_is_correct,0.7425,
base,TriviaMC,27,cross_margin_logit_to_is_correct,0.745,
base,TriviaMC,28,cross_margin_logit_to_is_correct,0.735,
base,TriviaMC,29,cross_margin_logit_to_is_correct,0.735,
base,TriviaMC,30,cross_margin_logit_to_is_correct,0.7375,
base,TriviaMC,31,cross_margin_logit_to_is_correct,0.74,
base,TriviaMC,0,cross_entropy_to_margin_logit,-1.054414781314164,
base,TriviaMC,1,cross_entropy_to_margin_logit,-1.0786137407707526,
base,TriviaMC,2,cross_entropy_to_margin_logit,-1.0910663099932876,
base,TriviaMC,3,cross_entropy_to_margin_logit,-1.0944879750780103,
base,TriviaMC,4,cross_entropy_to_margin_logit,-1.0969257502007048,
base,TriviaMC,5,cross_entropy_to_margin_logit,-1.105094819914171,
base,TriviaMC,6,cross_entropy_to_margin_logit,-1.1155886883851691,
base,TriviaMC,7,cross_entropy_to_margin_logit,-1.1410833510856162,
base,TriviaMC,8,cross_entropy_to_margin_logit,-1.173443940991501,
base,TriviaMC,9,cross_entropy_to_margin_logit,-1.1932712799817264,
base,TriviaMC,10,cross_entropy_to_margin_logit,-1.2178653334216945,
base,TriviaMC,11,cross_entropy_to_margin_logit,-1.2575072593641905,
base,TriviaMC,12,cross_entropy_to_margin_logit,-1.3272582924538168,
base,TriviaMC,13,cross_entropy_to_margin_logit,-1.4187331914063943,
base,TriviaMC,14,cross_entropy_to_margin_logit,-1.4879185366589573,
base,TriviaMC,15,cross_entropy_to_margin_logit,-1.5019842911455097,
base,TriviaMC,16,cross_entropy_to_margin_logit,-1.5063704278052192,
base,TriviaMC,17,cross_entropy_to_margin_logit,-1.5195359846787944,
base,TriviaMC,18,cross_entropy_to_margin_logit,-1.523865530665256,
base,TriviaMC,19,cross_entropy_to_margin_logit,-1.5275845401241286,
base,TriviaMC,20,cross_entropy_to_margin_logit,-1.5310386271245968,
base,TriviaMC,21,cross_entropy_to_margin_logit,-1.532295834600279,
base,TriviaMC,22,cross_entropy_to_margin_logit,-1.534876450720549,
base,TriviaMC,23,cross_entropy_to_margin_logit,-1.5349714839473556,
base,TriviaMC,24,cross_entropy_to_margin_logit,-1.5354027216856463,
base,TriviaMC,25,cross_entropy_to_margin_logit,-1.5350851725046843,
base,TriviaMC,26,cross_entropy_to_margin_logit,-1.5369600959135363,
base,TriviaMC,27,cross_entropy_to_margin_logit,-1.5380866509518873,
base,TriviaMC,28,cross_entropy_to_margin_logit,-1.5390327121832508,
base,TriviaMC,29,cross_entropy_to_margin_logit,-1.5383694961077454,
base,TriviaMC,30,cross_entropy_to_margin_logit,-1.5386016015964112,
base,TriviaMC,31,cross_entropy_to_margin_logit,-1.5360210205320897,
base,TriviaMC,0,cross_entropy_to_stated_confidence,-36.4240883166664,
base,TriviaMC,1,cross_entropy_to_stated_confidence,-44.69164484669669,
base,TriviaMC,2,cross_entropy_to_stated_confidence,-51.5142824042755,
base,TriviaMC,3,cross_entropy_to_stated_confidence,-52.623817236717095,
base,TriviaMC,4,cross_entropy_to_stated_confidence,-54.34459910451394,
base,TriviaMC,5,cross_entropy_to_stated_confidence,-56.414386733138485,
base,TriviaMC,6,cross_entropy_to_stated_confidence,-64.03733327462513,
base,TriviaMC,7,cross_entropy_to_stated_confidence,-79.93855046780564,
base,TriviaMC,8,cross_entropy_to_stated_confidence,-91.70176480762186,
base,TriviaMC,9,cross_entropy_to_stated_confidence,-98.15807008864253,
base,TriviaMC,10,cross_entropy_to_stated_confidence,-110.01242056316481,
base,TriviaMC,11,cross_entropy_to_stated_confidence,-125.7513279315464,
base,TriviaMC,12,cross_entropy_to_stated_confidence,-151.97356739721894,
base,TriviaMC,13,cross_entropy_to_stated_confidence,-191.698755420817,
base,TriviaMC,14,cross_entropy_to_stated_confidence,-215.94347804821405,
base,TriviaMC,15,cross_entropy_to_stated_confidence,-224.1564228120918,
base,TriviaMC,16,cross_entropy_to_stated_confidence,-226.9510128955616,
base,TriviaMC,17,cross_entropy_to_stated_confidence,-232.7536061542233,
base,TriviaMC,18,cross_entropy_to_stated_confidence,-234.3540056126866,
base,TriviaMC,19,cross_entropy_to_stated_confidence,-237.74029537641022,
base,TriviaMC,20,cross_entropy_to_stated_confidence,-238.32348429911124,
base,TriviaMC,21,cross_entropy_to_stated_confidence,-238.068746146854,
base,TriviaMC,22,cross_entropy_to_stated_confidence,-238.54913698097624,
base,TriviaMC,23,cross_entropy_to_stated_confidence,-238.15707399999576,
base,TriviaMC,24,cross_entropy_to_stated_confidence,-238.31668181323587,
base,TriviaMC,25,cross_entropy_to_stated_confidence,-238.06207972969187,
base,TriviaMC,26,cross_entropy_to_stated_confidence,-239.13316991119373,
base,TriviaMC,27,cross_entropy_to_stated_confidence,-239.76548027756425,
base,TriviaMC,28,cross_entropy_to_stated_confidence,-239.4519547859867,
base,TriviaMC,29,cross_entropy_to_stated_confidence,-238.89019393348644,
base,TriviaMC,30,cross_entropy_to_stated_confidence,-239.31813082961227,
base,TriviaMC,31,cross_entropy_to_stated_confidence,-238.99877188101178,
base,TriviaMC,0,cross_entropy_to_is_correct,0.59,
base,TriviaMC,1,cross_entropy_to_is_correct,0.6025,
base,TriviaMC,2,cross_entropy_to_is_correct,0.615,
base,TriviaMC,3,cross_entropy_to_is_correct,0.635,
base,TriviaMC,4,cross_entropy_to_is_correct,0.62,
base,TriviaMC,5,cross_entropy_to_is_correct,0.6375,
base,TriviaMC,6,cross_entropy_to_is_correct,0.64,
base,TriviaMC,7,cross_entropy_to_is_correct,0.635,
base,TriviaMC,8,cross_entropy_to_is_correct,0.65,
base,TriviaMC,9,cross_entropy_to_is_correct,0.6675,
base,TriviaMC,10,cross_entropy_to_is_correct,0.675,
base,TriviaMC,11,cross_entropy_to_is_correct,0.6825,
base,TriviaMC,12,cross_entropy_to_is_correct,0.7025,
base,TriviaMC,13,cross_entropy_to_is_correct,0.7275,
base,TriviaMC,14,cross_entropy_to_is_correct,0.7325,
base,TriviaMC,15,cross_entropy_to_is_correct,0.735,
base,TriviaMC,16,cross_entropy_to_is_correct,0.735,
base,TriviaMC,17,cross_entropy_to_is_correct,0.745,
base,TriviaMC,18,cross_entropy_to_is_correct,0.745,
base,TriviaMC,19,cross_entropy_to_is_correct,0.745,
base,TriviaMC,20,cross_entropy_to_is_correct,0.7475,
base,TriviaMC,21,cross_entropy_to_is_correct,0.7475,
base,TriviaMC,22,cross_entropy_to_is_correct,0.745,
base,TriviaMC,23,cross_entropy_to_is_correct,0.745,
base,TriviaMC,24,cross_entropy_to_is_correct,0.7425,
base,TriviaMC,25,cross_entropy_to_is_correct,0.7425,
base,TriviaMC,26,cross_entropy_to_is_correct,0.7425,
base,TriviaMC,27,cross_entropy_to_is_correct,0.7475,
base,TriviaMC,28,cross_entropy_to_is_correct,0.745,
base,TriviaMC,29,cross_entropy_to_is_correct,0.745,
base,TriviaMC,30,cross_entropy_to_is_correct,0.7475,
base,TriviaMC,31,cross_entropy_to_is_correct,0.7425,
base,TriviaMC,0,cross_stated_confidence_to_margin_logit,-0.9568504947818495,
base,TriviaMC,1,cross_stated_confidence_to_margin_logit,-0.9558394455138708,
base,TriviaMC,2,cross_stated_confidence_to_margin_logit,-0.9550382615048423,
base,TriviaMC,3,cross_stated_confidence_to_margin_logit,-0.9542976974263015,
base,TriviaMC,4,cross_stated_confidence_to_margin_logit,-0.9531045586443667,
base,TriviaMC,5,cross_stated_confidence_to_margin_logit,-0.9518107653741339,
base,TriviaMC,6,cross_stated_confidence_to_margin_logit,-0.9515571440507398,
base,TriviaMC,7,cross_stated_confidence_to_margin_logit,-0.9501415871412837,
base,TriviaMC,8,cross_stated_confidence_to_margin_logit,-0.9485534522039727,
base,TriviaMC,9,cross_stated_confidence_to_margin_logit,-0.9476817986465973,
base,TriviaMC,10,cross_stated_confidence_to_margin_logit,-0.9467470534561293,
base,TriviaMC,11,cross_stated_confidence_to_margin_logit,-0.9453269953807821,
base,TriviaMC,12,cross_stated_confidence_to_margin_logit,-0.9427106485807222,
base,TriviaMC,13,cross_stated_confidence_to_margin_logit,-0.9414748066341294,
base,TriviaMC,14,cross_stated_confidence_to_margin_logit,-0.9414466693134735,
base,TriviaMC,15,cross_stated_confidence_to_margin_logit,-0.9411715578679001,
base,TriviaMC,16,cross_stated_confidence_to_margin_logit,-0.9412040655645324,
base,TriviaMC,17,cross_stated_confidence_to_margin_logit,-0.9409802651367685,
base,TriviaMC,18,cross_stated_confidence_to_margin_logit,-0.9409470025777575,
base,TriviaMC,19,cross_stated_confidence_to_margin_logit,-0.9409924561051455,
base,TriviaMC,20,cross_stated_confidence_to_margin_logit,-0.9409769165905302,
base,TriviaMC,21,cross_stated_confidence_to_margin_logit,-0.9408455181989726,
base,TriviaMC,22,cross_stated_confidence_to_margin_logit,-0.9406918826807331,
base,TriviaMC,23,cross_stated_confidence_to_margin_logit,-0.9406942465784209,
base,TriviaMC,24,cross_stated_confidence_to_margin_logit,-0.940652852955383,
base,TriviaMC,25,cross_stated_confidence_to_margin_logit,-0.9406438802975128,
base,TriviaMC,26,cross_stated_confidence_to_margin_logit,-0.9407528394174447,
base,TriviaMC,27,cross_stated_confidence_to_margin_logit,-0.9409205154081557,
base,TriviaMC,28,cross_stated_confidence_to_margin_logit,-0.9409286911048831,
base,TriviaMC,29,cross_stated_confidence_to_margin_logit,-0.940781092761896,
base,TriviaMC,30,cross_stated_confidence_to_margin_logit,-0.9407260638928567,
base,TriviaMC,31,cross_stated_confidence_to_margin_logit,-0.9404868148201349,
base,TriviaMC,0,cross_stated_confidence_to_entropy,-0.011573842908268572,
base,TriviaMC,1,cross_stated_confidence_to_entropy,-0.016502054073802785,
base,TriviaMC,2,cross_stated_confidence_to_entropy,-0.020462663054298114,
base,TriviaMC,3,cross_stated_confidence_to_entropy,-0.02318656193820101,
base,TriviaMC,4,cross_stated_confidence_to_entropy,-0.027922395724771842,
base,TriviaMC,5,cross_stated_confidence_to_entropy,-0.032801876985001144,
base,TriviaMC,6,cross_stated_confidence_to_entropy,-0.03403004948607258,
base,TriviaMC,7,cross_stated_confidence_to_entropy,-0.04046763623435856,
base,TriviaMC,8,cross_stated_confidence_to_entropy,-0.047587749027735216,
base,TriviaMC,9,cross_stated_confidence_to_entropy,-0.05070991077629872,
base,TriviaMC,10,cross_stated_confidence_to_entropy,-0.05514180615690778,
base,TriviaMC,11,cross_stated_confidence_to_entropy,-0.06136201990344281,
base,TriviaMC,12,cross_stated_confidence_to_entropy,-0.0730618766196276,
base,TriviaMC,13,cross_stated_confidence_to_entropy,-0.07858735624458468,
base,TriviaMC,14,cross_stated_confidence_to_entropy,-0.07829781105793754,
base,TriviaMC,15,cross_stated_confidence_to_entropy,-0.07823289218319363,
base,TriviaMC,16,cross_stated_confidence_to_entropy,-0.0782479265529532,
base,TriviaMC,17,cross_stated_confidence_to_entropy,-0.07865553768796452,
base,TriviaMC,18,cross_stated_confidence_to_entropy,-0.07818597275747252,
base,TriviaMC,19,cross_stated_confidence_to_entropy,-0.07801064360913346,
base,TriviaMC,20,cross_stated_confidence_to_entropy,-0.07820283241297665,
base,TriviaMC,21,cross_stated_confidence_to_entropy,-0.07807905487263822,
base,TriviaMC,22,cross_stated_confidence_to_entropy,-0.07809093203231487,
base,TriviaMC,23,cross_stated_confidence_to_entropy,-0.07787040998220385,
base,TriviaMC,24,cross_stated_confidence_to_entropy,-0.0781387978098893,
base,TriviaMC,25,cross_stated_confidence_to_entropy,-0.078034406199611,
base,TriviaMC,26,cross_stated_confidence_to_entropy,-0.07754379418599688,
base,TriviaMC,27,cross_stated_confidence_to_entropy,-0.0772753118633589,
base,TriviaMC,28,cross_stated_confidence_to_entropy,-0.07727455229819591,
base,TriviaMC,29,cross_stated_confidence_to_entropy,-0.07785783032748572,
base,TriviaMC,30,cross_stated_confidence_to_entropy,-0.07834761591391759,
base,TriviaMC,31,cross_stated_confidence_to_entropy,-0.07928397739459037,
base,TriviaMC,0,cross_stated_confidence_to_is_correct,0.58,
base,TriviaMC,1,cross_stated_confidence_to_is_correct,0.6,
base,TriviaMC,2,cross_stated_confidence_to_is_correct,0.59,
base,TriviaMC,3,cross_stated_confidence_to_is_correct,0.5975,
base,TriviaMC,4,cross_stated_confidence_to_is_correct,0.6,
base,TriviaMC,5,cross_stated_confidence_to_is_correct,0.6125,
base,TriviaMC,6,cross_stated_confidence_to_is_correct,0.61,
base,TriviaMC,7,cross_stated_confidence_to_is_correct,0.6325,
base,TriviaMC,8,cross_stated_confidence_to_is_correct,0.615,
base,TriviaMC,9,cross_stated_confidence_to_is_correct,0.63,
base,TriviaMC,10,cross_stated_confidence_to_is_correct,0.6275,
base,TriviaMC,11,cross_stated_confidence_to_is_correct,0.6475,
base,TriviaMC,12,cross_stated_confidence_to_is_correct,0.6625,
base,TriviaMC,13,cross_stated_confidence_to_is_correct,0.6725,
base,TriviaMC,14,cross_stated_confidence_to_is_correct,0.6925,
base,TriviaMC,15,cross_stated_confidence_to_is_correct,0.6925,
base,TriviaMC,16,cross_stated_confidence_to_is_correct,0.6825,
base,TriviaMC,17,cross_stated_confidence_to_is_correct,0.6975,
base,TriviaMC,18,cross_stated_confidence_to_is_correct,0.6875,
base,TriviaMC,19,cross_stated_confidence_to_is_correct,0.6925,
base,TriviaMC,20,cross_stated_confidence_to_is_correct,0.6875,
base,TriviaMC,21,cross_stated_confidence_to_is_correct,0.685,
base,TriviaMC,22,cross_stated_confidence_to_is_correct,0.6775,
base,TriviaMC,23,cross_stated_confidence_to_is_correct,0.675,
base,TriviaMC,24,cross_stated_confidence_to_is_correct,0.6775,
base,TriviaMC,25,cross_stated_confidence_to_is_correct,0.675,
base,TriviaMC,26,cross_stated_confidence_to_is_correct,0.6825,
base,TriviaMC,27,cross_stated_confidence_to_is_correct,0.6725,
base,TriviaMC,28,cross_stated_confidence_to_is_correct,0.68,
base,TriviaMC,29,cross_stated_confidence_to_is_correct,0.69,
base,TriviaMC,30,cross_stated_confidence_to_is_correct,0.69,
base,TriviaMC,31,cross_stated_confidence_to_is_correct,0.6925,
base,TriviaMC,0,cross_is_correct_to_margin_logit,-0.835136474289794,
base,TriviaMC,1,cross_is_correct_to_margin_logit,-0.8201479154798959,
base,TriviaMC,2,cross_is_correct_to_margin_logit,-0.8271092955728461,
base,TriviaMC,3,cross_is_correct_to_margin_logit,-0.8193516291516216,
base,TriviaMC,4,cross_is_correct_to_margin_logit,-0.7834850553423212,
base,TriviaMC,5,cross_is_correct_to_margin_logit,-0.7763062278289576,
base,TriviaMC,6,cross_is_correct_to_margin_logit,-0.7490762980417072,
base,TriviaMC,7,cross_is_correct_to_margin_logit,-0.7793994939503301,
base,TriviaMC,8,cross_is_correct_to_margin_logit,-0.774450268156134,
base,TriviaMC,9,cross_is_correct_to_margin_logit,-0.7509965731487374,
base,TriviaMC,10,cross_is_correct_to_margin_logit,-0.7684413690173886,
base,TriviaMC,11,cross_is_correct_to_margin_logit,-0.7600282976952002,
base,TriviaMC,12,cross_is_correct_to_margin_logit,-0.7390185891876602,
base,TriviaMC,13,cross_is_correct_to_margin_logit,-0.7135068002856473,
base,TriviaMC,14,cross_is_correct_to_margin_logit,-0.6831131636633692,
base,TriviaMC,15,cross_is_correct_to_margin_logit,-0.6834224902755064,
base,TriviaMC,16,cross_is_correct_to_margin_logit,-0.688567725012047,
base,TriviaMC,17,cross_is_correct_to_margin_logit,-0.6821851838269575,
base,TriviaMC,18,cross_is_correct_to_margin_logit,-0.670338893374018,
base,TriviaMC,19,cross_is_correct_to_margin_logit,-0.6716925801320839,
base,TriviaMC,20,cross_is_correct_to_margin_logit,-0.6685503117751255,
base,TriviaMC,21,cross_is_correct_to_margin_logit,-0.6727583787560816,
base,TriviaMC,22,cross_is_correct_to_margin_logit,-0.6730646427284948,
base,TriviaMC,23,cross_is_correct_to_margin_logit,-0.673628168437735,
base,TriviaMC,24,cross_is_correct_to_margin_logit,-0.6691138374843655,
base,TriviaMC,25,cross_is_correct_to_margin_logit,-0.6738486784978723,
base,TriviaMC,26,cross_is_correct_to_margin_logit,-0.6738915554540101,
base,TriviaMC,27,cross_is_correct_to_margin_logit,-0.6666545377858881,
base,TriviaMC,28,cross_is_correct_to_margin_logit,-0.6736465442760797,
base,TriviaMC,29,cross_is_correct_to_margin_logit,-0.6743877030893195,
base,TriviaMC,30,cross_is_correct_to_margin_logit,-0.684368845950263,
base,TriviaMC,31,cross_is_correct_to_margin_logit,-0.6828344634484733,
base,TriviaMC,0,cross_is_correct_to_entropy,-1.0934650020411407,
base,TriviaMC,1,cross_is_correct_to_entropy,-1.2182396102592752,
base,TriviaMC,2,cross_is_correct_to_entropy,-1.298444975915999,
base,TriviaMC,3,cross_is_correct_to_entropy,-1.3557588573089108,
base,TriviaMC,4,cross_is_correct_to_entropy,-1.3730280407969953,
base,TriviaMC,5,cross_is_correct_to_entropy,-1.3518306798480877,
base,TriviaMC,6,cross_is_correct_to_entropy,-1.4136116371603111,
base,TriviaMC,7,cross_is_correct_to_entropy,-1.4455336280318254,
base,TriviaMC,8,cross_is_correct_to_entropy,-1.4743588454499932,
base,TriviaMC,9,cross_is_correct_to_entropy,-1.5254385732835294,
base,TriviaMC,10,cross_is_correct_to_entropy,-1.5561193082548077,
base,TriviaMC,11,cross_is_correct_to_entropy,-1.5994194208577852,
base,TriviaMC,12,cross_is_correct_to_entropy,-1.834043283563803,
base,TriviaMC,13,cross_is_correct_to_entropy,-2.0044119361373327,
base,TriviaMC,14,cross_is_correct_to_entropy,-2.2356072896850336,
base,TriviaMC,15,cross_is_correct_to_entropy,-2.1615875560789712,
base,TriviaMC,16,cross_is_correct_to_entropy,-2.168149315853213,
base,TriviaMC,17,cross_is_correct_to_entropy,-2.1966138911356876,
base,TriviaMC,18,cross_is_correct_to_entropy,-2.26488537451787,
base,TriviaMC,19,cross_is_correct_to_entropy,-2.195526458741802,
base,TriviaMC,20,cross_is_correct_to_entropy,-2.3145686464481194,
base,TriviaMC,21,cross_is_correct_to_entropy,-2.233099312695592,
base,TriviaMC,22,cross_is_correct_to_entropy,-2.239656942979731,
base,TriviaMC,23,cross_is_correct_to_entropy,-2.2790192426449773,
base,TriviaMC,24,cross_is_correct_to_entropy,-2.334125911577642,
base,TriviaMC,25,cross_is_correct_to_entropy,-2.344475790273368,
base,TriviaMC,26,cross_is_correct_to_entropy,-2.359987531598297,
base,TriviaMC,27,cross_is_correct_to_entropy,-2.35386212127831,
base,TriviaMC,28,cross_is_correct_to_entropy,-2.3770037838175506,
base,TriviaMC,29,cross_is_correct_to_entropy,-2.3540025239418245,
base,TriviaMC,30,cross_is_correct_to_entropy,-2.353289498650644,
base,TriviaMC,31,cross_is_correct_to_entropy,-2.258824659542836,
base,TriviaMC,0,cross_is_correct_to_stated_confidence,-186.48028571755503,
base,TriviaMC,1,cross_is_correct_to_stated_confidence,-191.77603985502657,
base,TriviaMC,2,cross_is_correct_to_stated_confidence,-194.2880922149541,
base,TriviaMC,3,cross_is_correct_to_stated_confidence,-194.41154358150567,
base,TriviaMC,4,cross_is_correct_to_stated_confidence,-186.286368275061,
base,TriviaMC,5,cross_is_correct_to_stated_confidence,-184.25910493911928,
base,TriviaMC,6,cross_is_correct_to_stated_confidence,-179.7710231858289,
base,TriviaMC,7,cross_is_correct_to_stated_confidence,-187.6283961205528,
base,TriviaMC,8,cross_is_correct_to_stated_confidence,-187.71167899520697,
base,TriviaMC,9,cross_is_correct_to_stated_confidence,-185.27687809345818,
base,TriviaMC,10,cross_is_correct_to_stated_confidence,-191.05337079430873,
base,TriviaMC,11,cross_is_correct_to_stated_confidence,-190.26335078211716,
base,TriviaMC,12,cross_is_correct_to_stated_confidence,-197.53893064449443,
base,TriviaMC,13,cross_is_correct_to_stated_confidence,-199.80910928981996,
base,TriviaMC,14,cross_is_correct_to_stated_confidence,-205.8925668648215,
base,TriviaMC,15,cross_is_correct_to_stated_confidence,-202.5016896981463,
base,TriviaMC,16,cross_is_correct_to_stated_confidence,-204.4173812105192,
base,TriviaMC,17,cross_is_correct_to_stated_confidence,-204.70505580627955,
base,TriviaMC,18,cross_is_correct_to_stated_confidence,-203.703548893546,
base,TriviaMC,19,cross_is_correct_to_stated_confidence,-200.8518018299294,
base,TriviaMC,20,cross_is_correct_to_stated_confidence,-206.09514389139835,
base,TriviaMC,21,cross_is_correct_to_stated_confidence,-203.20514235376123,
base,TriviaMC,22,cross_is_correct_to_stated_confidence,-203.505495166156,
base,TriviaMC,23,cross_is_correct_to_stated_confidence,-204.4475741459002,
base,TriviaMC,24,cross_is_correct_to_stated_confidence,-206.13710466195715,
base,TriviaMC,25,cross_is_correct_to_stated_confidence,-207.73843530227526,
base,TriviaMC,26,cross_is_correct_to_stated_confidence,-209.0221686403105,
base,TriviaMC,27,cross_is_correct_to_stated_confidence,-207.08633628501906,
base,TriviaMC,28,cross_is_correct_to_stated_confidence,-210.25720567299135,
base,TriviaMC,29,cross_is_correct_to_stated_confidence,-209.65883501378258,
base,TriviaMC,30,cross_is_correct_to_stated_confidence,-212.2803711158547,
base,TriviaMC,31,cross_is_correct_to_stated_confidence,-206.78922510432446,
instruct,SimpleMC,0,cross_margin_logit_to_entropy,-1.8958320102993071,
instruct,SimpleMC,1,cross_margin_logit_to_entropy,-2.2152295933382415,
instruct,SimpleMC,2,cross_margin_logit_to_entropy,-2.411425069685473,
instruct,SimpleMC,3,cross_margin_logit_to_entropy,-2.568338762266748,
instruct,SimpleMC,4,cross_margin_logit_to_entropy,-2.5990810126678143,
instruct,SimpleMC,5,cross_margin_logit_to_entropy,-2.534053202817854,
instruct,SimpleMC,6,cross_margin_logit_to_entropy,-2.632428638255996,
instruct,SimpleMC,7,cross_margin_logit_to_entropy,-2.8345996621839866,
instruct,SimpleMC,8,cross_margin_logit_to_entropy,-2.9129846812941627,
instruct,SimpleMC,9,cross_margin_logit_to_entropy,-2.8681784724319446,
instruct,SimpleMC,10,cross_margin_logit_to_entropy,-3.061317872281238,
instruct,SimpleMC,11,cross_margin_logit_to_entropy,-3.205512751038449,
instruct,SimpleMC,12,cross_margin_logit_to_entropy,-4.461140162319679,
instruct,SimpleMC,13,cross_margin_logit_to_entropy,-6.5000314127466465,
instruct,SimpleMC,14,cross_margin_logit_to_entropy,-10.123201362080875,
instruct,SimpleMC,15,cross_margin_logit_to_entropy,-9.630178668819683,
instruct,SimpleMC,16,cross_margin_logit_to_entropy,-10.46153004218303,
instruct,SimpleMC,17,cross_margin_logit_to_entropy,-13.699453860056586,
instruct,SimpleMC,18,cross_margin_logit_to_entropy,-14.329146771009281,
instruct,SimpleMC,19,cross_margin_logit_to_entropy,-14.648741845487534,
instruct,SimpleMC,20,cross_margin_logit_to_entropy,-14.939015167750908,
instruct,SimpleMC,21,cross_margin_logit_to_entropy,-14.914883272627772,
instruct,SimpleMC,22,cross_margin_logit_to_entropy,-15.02629339782181,
instruct,SimpleMC,23,cross_margin_logit_to_entropy,-14.68711394632152,
instruct,SimpleMC,24,cross_margin_logit_to_entropy,-14.804669890050745,
instruct,SimpleMC,25,cross_margin_logit_to_entropy,-14.745354541283444,
instruct,SimpleMC,26,cross_margin_logit_to_entropy,-14.555029622682621,
instruct,SimpleMC,27,cross_margin_logit_to_entropy,-14.735728160674467,
instruct,SimpleMC,28,cross_margin_logit_to_entropy,-14.459738633205625,
instruct,SimpleMC,29,cross_margin_logit_to_entropy,-14.434329943677202,
instruct,SimpleMC,30,cross_margin_logit_to_entropy,-14.490928506545224,
instruct,SimpleMC,31,cross_margin_logit_to_entropy,-14.106636431836128,
instruct,SimpleMC,0,cross_margin_logit_to_stated_confidence,-22.150153951206452,
instruct,SimpleMC,1,cross_margin_logit_to_stated_confidence,-22.736672989059663,
instruct,SimpleMC,2,cross_margin_logit_to_stated_confidence,-23.089879237182302,
instruct,SimpleMC,3,cross_margin_logit_to_stated_confidence,-23.308203632070686,
instruct,SimpleMC,4,cross_margin_logit_to_stated_confidence,-23.529869133855744,
instruct,SimpleMC,5,cross_margin_logit_to_stated_confidence,-23.31709923269631,
instruct,SimpleMC,6,cross_margin_logit_to_stated_confidence,-23.698458986162844,
instruct,SimpleMC,7,cross_margin_logit_to_stated_confidence,-23.77557681684436,
instruct,SimpleMC,8,cross_margin_logit_to_stated_confidence,-23.922511620655783,
instruct,SimpleMC,9,cross_margin_logit_to_stated_confidence,-23.87876651820265,
instruct,SimpleMC,10,cross_margin_logit_to_stated_confidence,-23.902705572381684,
instruct,SimpleMC,11,cross_margin_logit_to_stated_confidence,-24.056225605244677,
instruct,SimpleMC,12,cross_margin_logit_to_stated_confidence,-25.69201996280144,
instruct,SimpleMC,13,cross_margin_logit_to_stated_confidence,-28.245928600211172,
instruct,SimpleMC,14,cross_margin_logit_to_stated_confidence,-33.93943628921712,
instruct,SimpleMC,15,cross_margin_logit_to_stated_confidence,-32.494248189764825,
instruct,SimpleMC,16,cross_margin_logit_to_stated_confidence,-33.98665680087756,
instruct,SimpleMC,17,cross_margin_logit_to_stated_confidence,-38.93827303562096,
instruct,SimpleMC,18,cross_margin_logit_to_stated_confidence,-40.307034239926864,
instruct,SimpleMC,19,cross_margin_logit_to_stated_confidence,-40.81732899934368,
instruct,SimpleMC,20,cross_margin_logit_to_stated_confidence,-41.40445158540065,
instruct,SimpleMC,21,cross_margin_logit_to_stated_confidence,-41.23543103682566,
instruct,SimpleMC,22,cross_margin_logit_to_stated_confidence,-41.64417549720528,
instruct,SimpleMC,23,cross_margin_logit_to_stated_confidence,-41.090828297851154,
instruct,SimpleMC,24,cross_margin_logit_to_stated_confidence,-41.131484771461494,
instruct,SimpleMC,25,cross_margin_logit_to_stated_confidence,-41.12872446466389,
instruct,SimpleMC,26,cross_margin_logit_to_stated_confidence,-40.60582831693586,
instruct,SimpleMC,27,cross_margin_logit_to_stated_confidence,-40.94401591810988,
instruct,SimpleMC,28,cross_margin_logit_to_stated_confidence,-40.4850592967409,
instruct,SimpleMC,29,cross_margin_logit_to_stated_confidence,-40.31656370480592,
instruct,SimpleMC,30,cross_margin_logit_to_stated_confidence,-40.36901746671028,
instruct,SimpleMC,31,cross_margin_logit_to_stated_confidence,-40.02472455546537,
instruct,SimpleMC,0,cross_margin_logit_to_is_correct,0.504,
instruct,SimpleMC,1,cross_margin_logit_to_is_correct,0.516,
instruct,SimpleMC,2,cross_margin_logit_to_is_correct,0.516,
instruct,SimpleMC,3,cross_margin_logit_to_is_correct,0.5,
instruct,SimpleMC,4,cross_margin_logit_to_is_correct,0.504,
instruct,SimpleMC,5,cross_margin_logit_to_is_correct,0.508,
instruct,SimpleMC,6,cross_margin_logit_to_is_correct,0.508,
instruct,SimpleMC,7,cross_margin_logit_to_is_correct,0.5,
instruct,SimpleMC,8,cross_margin_logit_to_is_correct,0.508,
instruct,SimpleMC,9,cross_margin_logit_to_is_correct,0.516,
instruct,SimpleMC,10,cross_margin_logit_to_is_correct,0.508,
instruct,SimpleMC,11,cross_margin_logit_to_is_correct,0.504,
instruct,SimpleMC,12,cross_margin_logit_to_is_correct,0.504,
instruct,SimpleMC,13,cross_margin_logit_to_is_correct,0.504,
instruct,SimpleMC,14,cross_margin_logit_to_is_correct,0.5,
instruct,SimpleMC,15,cross_margin_logit_to_is_correct,0.5,
instruct,SimpleMC,16,cross_margin_logit_to_is_correct,0.52,
instruct,SimpleMC,17,cross_margin_logit_to_is_correct,0.508,
instruct,SimpleMC,18,cross_margin_logit_to_is_correct,0.5,
instruct,SimpleMC,19,cross_margin_logit_to_is_correct,0.504,
instruct,SimpleMC,20,cross_margin_logit_to_is_correct,0.516,
instruct,SimpleMC,21,cross_margin_logit_to_is_correct,0.504,
instruct,SimpleMC,22,cross_margin_logit_to_is_correct,0.5,
instruct,SimpleMC,23,cross_margin_logit_to_is_correct,0.504,
instruct,SimpleMC,24,cross_margin_logit_to_is_correct,0.504,
instruct,SimpleMC,25,cross_margin_logit_to_is_correct,0.512,
instruct,SimpleMC,26,cross_margin_logit_to_is_correct,0.504,
instruct,SimpleMC,27,cross_margin_logit_to_is_correct,0.504,
instruct,SimpleMC,28,cross_margin_logit_to_is_correct,0.516,
instruct,SimpleMC,29,cross_margin_logit_to_is_correct,0.516,
instruct,SimpleMC,30,cross_margin_logit_to_is_correct,0.524,
instruct,SimpleMC,31,cross_margin_logit_to_is_correct,0.508,
instruct,SimpleMC,0,cross_entropy_to_margin_logit,-0.07380406211075807,
instruct,SimpleMC,1,cross_entropy_to_margin_logit,-0.0837098074480549,
instruct,SimpleMC,2,cross_entropy_to_margin_logit,-0.09046284755623768,
instruct,SimpleMC,3,cross_entropy_to_margin_logit,-0.09352673984431226,
instruct,SimpleMC,4,cross_entropy_to_margin_logit,-0.09339381751887221,
instruct,SimpleMC,5,cross_entropy_to_margin_logit,-0.09398605249573877,
instruct,SimpleMC,6,cross_entropy_to_margin_logit,-0.09680869769518785,
instruct,SimpleMC,7,cross_entropy_to_margin_logit,-0.11180028496241867,
instruct,SimpleMC,8,cross_entropy_to_margin_logit,-0.1103991356897236,
instruct,SimpleMC,9,cross_entropy_to_margin_logit,-0.11006548650606707,
instruct,SimpleMC,10,cross_entropy_to_margin_logit,-0.11625203457020561,
instruct,SimpleMC,11,cross_entropy_to_margin_logit,-0.1251000419724002,
instruct,SimpleMC,12,cross_entropy_to_margin_logit,-0.18615790032828783,
instruct,SimpleMC,13,cross_entropy_to_margin_logit,-0.26562845456104855,
instruct,SimpleMC,14,cross_entropy_to_margin_logit,-0.40959504331913865,
instruct,SimpleMC,15,cross_entropy_to_margin_logit,-0.4094958772046742,
instruct,SimpleMC,16,cross_entropy_to_margin_logit,-0.43164875828642746,
instruct,SimpleMC,17,cross_entropy_to_margin_logit,-0.5358060230450339,
instruct,SimpleMC,18,cross_entropy_to_margin_logit,-0.5569235757495039,
instruct,SimpleMC,19,cross_entropy_to_margin_logit,-0.567684897449845,
instruct,SimpleMC,20,cross_entropy_to_margin_logit,-0.5728725815883389,
instruct,SimpleMC,21,cross_entropy_to_margin_logit,-0.5735943812730318,
instruct,SimpleMC,22,cross_entropy_to_margin_logit,-0.5688808637473834,
instruct,SimpleMC,23,cross_entropy_to_margin_logit,-0.5647434802629905,
instruct,SimpleMC,24,cross_entropy_to_margin_logit,-0.5713470890563546,
instruct,SimpleMC,25,cross_entropy_to_margin_logit,-0.5700627962357703,
instruct,SimpleMC,26,cross_entropy_to_margin_logit,-0.5681839686696455,
instruct,SimpleMC,27,cross_entropy_to_margin_logit,-0.5665038943239946,
instruct,SimpleMC,28,cross_entropy_to_margin_logit,-0.5641065675459573,
instruct,SimpleMC,29,cross_entropy_to_margin_logit,-0.567259554567439,
instruct,SimpleMC,30,cross_entropy_to_margin_logit,-0.5665303613028623,
instruct,SimpleMC,31,cross_entropy_to_margin_logit,-0.5586765232064883,
instruct,SimpleMC,0,cross_entropy_to_stated_confidence,-14.416173475657772,
instruct,SimpleMC,1,cross_entropy_to_stated_confidence,-14.482371961850498,
instruct,SimpleMC,2,cross_entropy_to_stated_confidence,-14.484258415895725,
instruct,SimpleMC,3,cross_entropy_to_stated_confidence,-14.535306992488698,
instruct,SimpleMC,4,cross_entropy_to_stated_confidence,-14.486384584911614,
instruct,SimpleMC,5,cross_entropy_to_stated_confidence,-14.460632290183801,
instruct,SimpleMC,6,cross_entropy_to_stated_confidence,-14.433464369944652,
instruct,SimpleMC,7,cross_entropy_to_stated_confidence,-14.554376309513335,
instruct,SimpleMC,8,cross_entropy_to_stated_confidence,-14.508175993908516,
instruct,SimpleMC,9,cross_entropy_to_stated_confidence,-14.565997958785623,
instruct,SimpleMC,10,cross_entropy_to_stated_confidence,-14.59794883969278,
instruct,SimpleMC,11,cross_entropy_to_stated_confidence,-14.70443800807167,
instruct,SimpleMC,12,cross_entropy_to_stated_confidence,-15.139525704444598,
instruct,SimpleMC,13,cross_entropy_to_stated_confidence,-15.557439463856028,
instruct,SimpleMC,14,cross_entropy_to_stated_confidence,-16.32430367540743,
instruct,SimpleMC,15,cross_entropy_to_stated_confidence,-16.325204353532197,
instruct,SimpleMC,16,cross_entropy_to_stated_confidence,-16.43773259625462,
instruct,SimpleMC,17,cross_entropy_to_stated_confidence,-16.949272192993412,
instruct,SimpleMC,18,cross_entropy_to_stated_confidence,-16.90155619113474,
instruct,SimpleMC,19,cross_entropy_to_stated_confidence,-16.93975299832765,
instruct,SimpleMC,20,cross_entropy_to_stated_confidence,-16.95558884574246,
instruct,SimpleMC,21,cross_entropy_to_stated_confidence,-16.99268452857064,
instruct,SimpleMC,22,cross_entropy_to_stated_confidence,-16.95293669624212,
instruct,SimpleMC,23,cross_entropy_to_stated_confidence,-16.91109110290099,
instruct,SimpleMC,24,cross_entropy_to_stated_confidence,-16.97513716004307,
instruct,SimpleMC,25,cross_entropy_to_stated_confidence,-16.947105370505586,
instruct,SimpleMC,26,cross_entropy_to_stated_confidence,-16.963524719708644,
instruct,SimpleMC,27,cross_entropy_to_stated_confidence,-16.984500310661733,
instruct,SimpleMC,28,cross_entropy_to_stated_confidence,-16.956733063713852,
instruct,SimpleMC,29,cross_entropy_to_stated_confidence,-16.935704142516673,
instruct,SimpleMC,30,cross_entropy_to_stated_confidence,-16.963879164439767,
instruct,SimpleMC,31,cross_entropy_to_stated_confidence,-16.907646620818827,
instruct,SimpleMC,0,cross_entropy_to_is_correct,0.5,
instruct,SimpleMC,1,cross_entropy_to_is_correct,0.512,
instruct,SimpleMC,2,cross_entropy_to_is_correct,0.508,
instruct,SimpleMC,3,cross_entropy_to_is_correct,0.504,
instruct,SimpleMC,4,cross_entropy_to_is_correct,0.5,
instruct,SimpleMC,5,cross_entropy_to_is_correct,0.5,
instruct,SimpleMC,6,cross_entropy_to_is_correct,0.504,
instruct,SimpleMC,7,cross_entropy_to_is_correct,0.5,
instruct,SimpleMC,8,cross_entropy_to_is_correct,0.504,
instruct,SimpleMC,9,cross_entropy_to_is_correct,0.524,
instruct,SimpleMC,10,cross_entropy_to_is_correct,0.528,
instruct,SimpleMC,11,cross_entropy_to_is_correct,0.52,
instruct,SimpleMC,12,cross_entropy_to_is_correct,0.504,
instruct,SimpleMC,13,cross_entropy_to_is_correct,0.504,
instruct,SimpleMC,14,cross_entropy_to_is_correct,0.512,
instruct,SimpleMC,15,cross_entropy_to_is_correct,0.508,
instruct,SimpleMC,16,cross_entropy_to_is_correct,0.504,
instruct,SimpleMC,17,cross_entropy_to_is_correct,0.504,
instruct,SimpleMC,18,cross_entropy_to_is_correct,0.504,
instruct,SimpleMC,19,cross_entropy_to_is_correct,0.504,
instruct,SimpleMC,20,cross_entropy_to_is_correct,0.5,
instruct,SimpleMC,21,cross_entropy_to_is_correct,0.504,
instruct,SimpleMC,22,cross_entropy_to_is_correct,0.512,
instruct,SimpleMC,23,cross_entropy_to_is_correct,0.5,
instruct,SimpleMC,24,cross_entropy_to_is_correct,0.504,
instruct,SimpleMC,25,cross_entropy_to_is_correct,0.5,
instruct,SimpleMC,26,cross_entropy_to_is_correct,0.5,
instruct,SimpleMC,27,cross_entropy_to_is_correct,0.504,
instruct,SimpleMC,28,cross_entropy_to_is_correct,0.512,
instruct,SimpleMC,29,cross_entropy_to_is_correct,0.512,
instruct,SimpleMC,30,cross_entropy_to_is_correct,0.508,
instruct,SimpleMC,31,cross_entropy_to_is_correct,0.504,
instruct,SimpleMC,0,cross_stated_confidence_to_margin_logit,-0.6304226010803711,
instruct,SimpleMC,1,cross_stated_confidence_to_margin_logit,-0.6249249958793499,
instruct,SimpleMC,2,cross_stated_confidence_to_margin_logit,-0.6237669905285077,
instruct,SimpleMC,3,cross_stated_confidence_to_margin_logit,-0.620053437352063,
instruct,SimpleMC,4,cross_stated_confidence_to_margin_logit,-0.6226169610645882,
instruct,SimpleMC,5,cross_stated_confidence_to_margin_logit,-0.6178064923491862,
instruct,SimpleMC,6,cross_stated_confidence_to_margin_logit,-0.6228900209589696,
instruct,SimpleMC,7,cross_stated_confidence_to_margin_logit,-0.6172300356561704,
instruct,SimpleMC,8,cross_stated_confidence_to_margin_logit,-0.6116886660178564,
instruct,SimpleMC,9,cross_stated_confidence_to_margin_logit,-0.6119521787523623,
instruct,SimpleMC,10,cross_stated_confidence_to_margin_logit,-0.6085055280698968,
instruct,SimpleMC,11,cross_stated_confidence_to_margin_logit,-0.6049678271362222,
instruct,SimpleMC,12,cross_stated_confidence_to_margin_logit,-0.5936357639707155,
instruct,SimpleMC,13,cross_stated_confidence_to_margin_logit,-0.5826257351054,
instruct,SimpleMC,14,cross_stated_confidence_to_margin_logit,-0.5857872433620486,
instruct,SimpleMC,15,cross_stated_confidence_to_margin_logit,-0.5848807007298655,
instruct,SimpleMC,16,cross_stated_confidence_to_margin_logit,-0.584375138366771,
instruct,SimpleMC,17,cross_stated_confidence_to_margin_logit,-0.5738851556299311,
instruct,SimpleMC,18,cross_stated_confidence_to_margin_logit,-0.5811238404489829,
instruct,SimpleMC,19,cross_stated_confidence_to_margin_logit,-0.5820991246230305,
instruct,SimpleMC,20,cross_stated_confidence_to_margin_logit,-0.5819274388354565,
instruct,SimpleMC,21,cross_stated_confidence_to_margin_logit,-0.5815628774631725,
instruct,SimpleMC,22,cross_stated_confidence_to_margin_logit,-0.5814528871562308,
instruct,SimpleMC,23,cross_stated_confidence_to_margin_logit,-0.5826878811133749,
instruct,SimpleMC,24,cross_stated_confidence_to_margin_logit,-0.5804642693215907,
instruct,SimpleMC,25,cross_stated_confidence_to_margin_logit,-0.5810217028465143,
instruct,SimpleMC,26,cross_stated_confidence_to_margin_logit,-0.579737244225422,
instruct,SimpleMC,27,cross_stated_confidence_to_margin_logit,-0.5795811499857972,
instruct,SimpleMC,28,cross_stated_confidence_to_margin_logit,-0.5804838147092113,
instruct,SimpleMC,29,cross_stated_confidence_to_margin_logit,-0.5803116966678976,
instruct,SimpleMC,30,cross_stated_confidence_to_margin_logit,-0.5799647601063929,
instruct,SimpleMC,31,cross_stated_confidence_to_margin_logit,-0.5838899445499253,
instruct,SimpleMC,0,cross_stated_confidence_to_entropy,-5.471176003407272,
instruct,SimpleMC,1,cross_stated_confidence_to_entropy,-5.51141099292646,
instruct,SimpleMC,2,cross_stated_confidence_to_entropy,-5.519422912796472,
instruct,SimpleMC,3,cross_stated_confidence_to_entropy,-5.495318645606913,
instruct,SimpleMC,4,cross_stated_confidence_to_entropy,-5.484006542589854,
instruct,SimpleMC,5,cross_stated_confidence_to_entropy,-5.5262327416943124,
instruct,SimpleMC,6,cross_stated_confidence_to_entropy,-5.508245199440891,
instruct,SimpleMC,7,cross_stated_confidence_to_entropy,-5.560215839754551,
instruct,SimpleMC,8,cross_stated_confidence_to_entropy,-5.57837299033197,
instruct,SimpleMC,9,cross_stated_confidence_to_entropy,-5.596149457989598,
instruct,SimpleMC,10,cross_stated_confidence_to_entropy,-5.616260890831583,
instruct,SimpleMC,11,cross_stated_confidence_to_entropy,-5.620314220472879,
instruct,SimpleMC,12,cross_stated_confidence_to_entropy,-5.690722753865223,
instruct,SimpleMC,13,cross_stated_confidence_to_entropy,-5.712464323289705,
instruct,SimpleMC,14,cross_stated_confidence_to_entropy,-5.715588390977371,
instruct,SimpleMC,15,cross_stated_confidence_to_entropy,-5.693549988523888,
instruct,SimpleMC,16,cross_stated_confidence_to_entropy,-5.692226443671363,
instruct,SimpleMC,17,cross_stated_confidence_to_entropy,-5.723196290955235,
instruct,SimpleMC,18,cross_stated_confidence_to_entropy,-5.702467696191682,
instruct,SimpleMC,19,cross_stated_confidence_to_entropy,-5.698909078172107,
instruct,SimpleMC,20,cross_stated_confidence_to_entropy,-5.693924945911365,
instruct,SimpleMC,21,cross_stated_confidence_to_entropy,-5.697639826686123,
instruct,SimpleMC,22,cross_stated_confidence_to_entropy,-5.7073274823877,
instruct,SimpleMC,23,cross_stated_confidence_to_entropy,-5.705666538001433,
instruct,SimpleMC,24,cross_stated_confidence_to_entropy,-5.713780013818369,
instruct,SimpleMC,25,cross_stated_confidence_to_entropy,-5.708262659933679,
instruct,SimpleMC,26,cross_stated_confidence_to_entropy,-5.708178524830975,
instruct,SimpleMC,27,cross_stated_confidence_to_entropy,-5.710682555792789,
instruct,SimpleMC,28,cross_stated_confidence_to_entropy,-5.720109390405893,
instruct,SimpleMC,29,cross_stated_confidence_to_entropy,-5.714266907481645,
instruct,SimpleMC,30,cross_stated_confidence_to_entropy,-5.743043439524555,
instruct,SimpleMC,31,cross_stated_confidence_to_entropy,-5.712677195606494,
instruct,SimpleMC,0,cross_stated_confidence_to_is_correct,0.52,
instruct,SimpleMC,1,cross_stated_confidence_to_is_correct,0.504,
instruct,SimpleMC,2,cross_stated_confidence_to_is_correct,0.536,
instruct,SimpleMC,3,cross_stated_confidence_to_is_correct,0.516,
instruct,SimpleMC,4,cross_stated_confidence_to_is_correct,0.508,
instruct,SimpleMC,5,cross_stated_confidence_to_is_correct,0.504,
instruct,SimpleMC,6,cross_stated_confidence_to_is_correct,0.504,
instruct,SimpleMC,7,cross_stated_confidence_to_is_correct,0.5,
instruct,SimpleMC,8,cross_stated_confidence_to_is_correct,0.512,
instruct,SimpleMC,9,cross_stated_confidence_to_is_correct,0.504,
instruct,SimpleMC,10,cross_stated_confidence_to_is_correct,0.512,
instruct,SimpleMC,11,cross_stated_confidence_to_is_correct,0.52,
instruct,SimpleMC,12,cross_stated_confidence_to_is_correct,0.512,
instruct,SimpleMC,13,cross_stated_confidence_to_is_correct,0.512,
instruct,SimpleMC,14,cross_stated_confidence_to_is_correct,0.512,
instruct,SimpleMC,15,cross_stated_confidence_to_is_correct,0.504,
instruct,SimpleMC,16,cross_stated_confidence_to_is_correct,0.5,
instruct,SimpleMC,17,cross_stated_confidence_to_is_correct,0.508,
instruct,SimpleMC,18,cross_stated_confidence_to_is_correct,0.508,
instruct,SimpleMC,19,cross_stated_confidence_to_is_correct,0.516,
instruct,SimpleMC,20,cross_stated_confidence_to_is_correct,0.516,
instruct,SimpleMC,21,cross_stated_confidence_to_is_correct,0.512,
instruct,SimpleMC,22,cross_stated_confidence_to_is_correct,0.512,
instruct,SimpleMC,23,cross_stated_confidence_to_is_correct,0.5,
instruct,SimpleMC,24,cross_stated_confidence_to_is_correct,0.504,
instruct,SimpleMC,25,cross_stated_confidence_to_is_correct,0.508,
instruct,SimpleMC,26,cross_stated_confidence_to_is_correct,0.504,
instruct,SimpleMC,27,cross_stated_confidence_to_is_correct,0.508,
instruct,SimpleMC,28,cross_stated_confidence_to_is_correct,0.508,
instruct,SimpleMC,29,cross_stated_confidence_to_is_correct,0.5,
instruct,SimpleMC,30,cross_stated_confidence_to_is_correct,0.512,
instruct,SimpleMC,31,cross_stated_confidence_to_is_correct,0.508,
instruct,SimpleMC,0,cross_is_correct_to_margin_logit,-0.7212718001539202,
instruct,SimpleMC,1,cross_is_correct_to_margin_logit,-0.7083590313876769,
instruct,SimpleMC,2,cross_is_correct_to_margin_logit,-0.6835063736937428,
instruct,SimpleMC,3,cross_is_correct_to_margin_logit,-0.6957558152973367,
instruct,SimpleMC,4,cross_is_correct_to_margin_logit,-0.6580346106480026,
instruct,SimpleMC,5,cross_is_correct_to_margin_logit,-0.6642698859769076,
instruct,SimpleMC,6,cross_is_correct_to_margin_logit,-0.6796148543395324,
instruct,SimpleMC,7,cross_is_correct_to_margin_logit,-0.6451660636926024,
instruct,SimpleMC,8,cross_is_correct_to_margin_logit,-0.6334915056299715,
instruct,SimpleMC,9,cross_is_correct_to_margin_logit,-0.634022167360091,
instruct,SimpleMC,10,cross_is_correct_to_margin_logit,-0.6754580041202625,
instruct,SimpleMC,11,cross_is_correct_to_margin_logit,-0.672008702874485,
instruct,SimpleMC,12,cross_is_correct_to_margin_logit,-0.7293201697274008,
instruct,SimpleMC,13,cross_is_correct_to_margin_logit,-0.7673067052417946,
instruct,SimpleMC,14,cross_is_correct_to_margin_logit,-0.7313101512153493,
instruct,SimpleMC,15,cross_is_correct_to_margin_logit,-0.7019468688153985,
instruct,SimpleMC,16,cross_is_correct_to_margin_logit,-0.6976573531635986,
instruct,SimpleMC,17,cross_is_correct_to_margin_logit,-0.750944635229774,
instruct,SimpleMC,18,cross_is_correct_to_margin_logit,-0.7211391347213905,
instruct,SimpleMC,19,cross_is_correct_to_margin_logit,-0.7237039997503016,
instruct,SimpleMC,20,cross_is_correct_to_margin_logit,-0.6865134568310871,
instruct,SimpleMC,21,cross_is_correct_to_margin_logit,-0.7058826099804523,
instruct,SimpleMC,22,cross_is_correct_to_margin_logit,-0.7319734783779988,
instruct,SimpleMC,23,cross_is_correct_to_margin_logit,-0.7315312602695656,
instruct,SimpleMC,24,cross_is_correct_to_margin_logit,-0.7298066096466771,
instruct,SimpleMC,25,cross_is_correct_to_margin_logit,-0.7107027873623717,
instruct,SimpleMC,26,cross_is_correct_to_margin_logit,-0.720210476693681,
instruct,SimpleMC,27,cross_is_correct_to_margin_logit,-0.7010182107876892,
instruct,SimpleMC,28,cross_is_correct_to_margin_logit,-0.6918200741322831,
instruct,SimpleMC,29,cross_is_correct_to_margin_logit,-0.6683825143853346,
instruct,SimpleMC,30,cross_is_correct_to_margin_logit,-0.6700187213865365,
instruct,SimpleMC,31,cross_is_correct_to_margin_logit,-0.6800570724479655,
instruct,SimpleMC,0,cross_is_correct_to_entropy,-6.702914273064668,
instruct,SimpleMC,1,cross_is_correct_to_entropy,-6.6236718884592936,
instruct,SimpleMC,2,cross_is_correct_to_entropy,-6.276314885785787,
instruct,SimpleMC,3,cross_is_correct_to_entropy,-6.400913170922101,
instruct,SimpleMC,4,cross_is_correct_to_entropy,-6.315290282327052,
instruct,SimpleMC,5,cross_is_correct_to_entropy,-6.296493648321377,
instruct,SimpleMC,6,cross_is_correct_to_entropy,-6.4748452722283245,
instruct,SimpleMC,7,cross_is_correct_to_entropy,-6.226208670727756,
instruct,SimpleMC,8,cross_is_correct_to_entropy,-6.45680381106198,
instruct,SimpleMC,9,cross_is_correct_to_entropy,-6.29841847555842,
instruct,SimpleMC,10,cross_is_correct_to_entropy,-6.134121021159571,
instruct,SimpleMC,11,cross_is_correct_to_entropy,-6.423059150854114,
instruct,SimpleMC,12,cross_is_correct_to_entropy,-6.300363712872201,
instruct,SimpleMC,13,cross_is_correct_to_entropy,-6.152127942196051,
instruct,SimpleMC,14,cross_is_correct_to_entropy,-6.09917373643003,
instruct,SimpleMC,15,cross_is_correct_to_entropy,-6.526985691601306,
instruct,SimpleMC,16,cross_is_correct_to_entropy,-6.524857810267479,
instruct,SimpleMC,17,cross_is_correct_to_entropy,-6.337170931261463,
instruct,SimpleMC,18,cross_is_correct_to_entropy,-6.368942617384594,
instruct,SimpleMC,19,cross_is_correct_to_entropy,-6.589915714874807,
instruct,SimpleMC,20,cross_is_correct_to_entropy,-6.544179349580046,
instruct,SimpleMC,21,cross_is_correct_to_entropy,-6.687621368899125,
instruct,SimpleMC,22,cross_is_correct_to_entropy,-6.6147961217544955,
instruct,SimpleMC,23,cross_is_correct_to_entropy,-6.595939304189207,
instruct,SimpleMC,24,cross_is_correct_to_entropy,-6.586996550565882,
instruct,SimpleMC,25,cross_is_correct_to_entropy,-6.762736731320888,
instruct,SimpleMC,26,cross_is_correct_to_entropy,-6.677730331710404,
instruct,SimpleMC,27,cross_is_correct_to_entropy,-6.660372346447153,
instruct,SimpleMC,28,cross_is_correct_to_entropy,-6.669521294179068,
instruct,SimpleMC,29,cross_is_correct_to_entropy,-6.687442388226185,
instruct,SimpleMC,30,cross_is_correct_to_entropy,-6.668099915501578,
instruct,SimpleMC,31,cross_is_correct_to_entropy,-6.403561247545113,
instruct,SimpleMC,0,cross_is_correct_to_stated_confidence,-3.5802281220682843,
instruct,SimpleMC,1,cross_is_correct_to_stated_confidence,-3.7373979668863058,
instruct,SimpleMC,2,cross_is_correct_to_stated_confidence,-4.195625542623355,
instruct,SimpleMC,3,cross_is_correct_to_stated_confidence,-3.9543366259308996,
instruct,SimpleMC,4,cross_is_correct_to_stated_confidence,-4.244326057919079,
instruct,SimpleMC,5,cross_is_correct_to_stated_confidence,-4.279744614497789,
instruct,SimpleMC,6,cross_is_correct_to_stated_confidence,-4.0450966771638415,
instruct,SimpleMC,7,cross_is_correct_to_stated_confidence,-4.47233301589452,
instruct,SimpleMC,8,cross_is_correct_to_stated_confidence,-3.881285852987312,
instruct,SimpleMC,9,cross_is_correct_to_stated_confidence,-4.071660594597873,
instruct,SimpleMC,10,cross_is_correct_to_stated_confidence,-4.204480181768032,
instruct,SimpleMC,11,cross_is_correct_to_stated_confidence,-3.770602863678846,
instruct,SimpleMC,12,cross_is_correct_to_stated_confidence,-4.142497707755291,
instruct,SimpleMC,13,cross_is_correct_to_stated_confidence,-3.9609776052894077,
instruct,SimpleMC,14,cross_is_correct_to_stated_confidence,-4.246539717705249,
instruct,SimpleMC,15,cross_is_correct_to_stated_confidence,-3.9410546672138835,
instruct,SimpleMC,16,cross_is_correct_to_stated_confidence,-3.881285852987312,
instruct,SimpleMC,17,cross_is_correct_to_stated_confidence,-3.8237306985469095,
instruct,SimpleMC,18,cross_is_correct_to_stated_confidence,-3.994182502081946,
instruct,SimpleMC,19,cross_is_correct_to_stated_confidence,-3.874644873628804,
instruct,SimpleMC,20,cross_is_correct_to_stated_confidence,-4.096010852245736,
instruct,SimpleMC,21,cross_is_correct_to_stated_confidence,-3.7373979668863058,
instruct,SimpleMC,22,cross_is_correct_to_stated_confidence,-3.7152613690246126,
instruct,SimpleMC,23,cross_is_correct_to_stated_confidence,-3.6045783797161466,
instruct,SimpleMC,24,cross_is_correct_to_stated_confidence,-3.646637915653364,
instruct,SimpleMC,25,cross_is_correct_to_stated_confidence,-3.564732503565099,
instruct,SimpleMC,26,cross_is_correct_to_stated_confidence,-3.7285433277416278,
instruct,SimpleMC,27,cross_is_correct_to_stated_confidence,-3.9277727084968665,
instruct,SimpleMC,28,cross_is_correct_to_stated_confidence,-3.7263296679554596,
instruct,SimpleMC,29,cross_is_correct_to_stated_confidence,-3.7373979668863058,
instruct,SimpleMC,30,cross_is_correct_to_stated_confidence,-3.775030183251184,
instruct,SimpleMC,31,cross_is_correct_to_stated_confidence,-4.073874254384043,
instruct,TriviaMC,0,cross_margin_logit_to_entropy,-135.1727257685851,
instruct,TriviaMC,1,cross_margin_logit_to_entropy,-136.91863438146564,
instruct,TriviaMC,2,cross_margin_logit_to_entropy,-138.3373933579397,
instruct,TriviaMC,3,cross_margin_logit_to_entropy,-139.26592442359868,
instruct,TriviaMC,4,cross_margin_logit_to_entropy,-142.3427056927829,
instruct,TriviaMC,5,cross_margin_logit_to_entropy,-141.58715815877142,
instruct,TriviaMC,6,cross_margin_logit_to_entropy,-142.4854008638955,
instruct,TriviaMC,7,cross_margin_logit_to_entropy,-147.9760528141486,
instruct,TriviaMC,8,cross_margin_logit_to_entropy,-150.60985508351644,
instruct,TriviaMC,9,cross_margin_logit_to_entropy,-158.83794747761502,
instruct,TriviaMC,10,cross_margin_logit_to_entropy,-166.8787739420364,
instruct,TriviaMC,11,cross_margin_logit_to_entropy,-168.38225697527236,
instruct,TriviaMC,12,cross_margin_logit_to_entropy,-183.6893395197887,
instruct,TriviaMC,13,cross_margin_logit_to_entropy,-195.62548435045798,
instruct,TriviaMC,14,cross_margin_logit_to_entropy,-204.16406273153817,
instruct,TriviaMC,15,cross_margin_logit_to_entropy,-204.67168317487662,
instruct,TriviaMC,16,cross_margin_logit_to_entropy,-205.816477297337,
instruct,TriviaMC,17,cross_margin_logit_to_entropy,-210.6611051285629,
instruct,TriviaMC,18,cross_margin_logit_to_entropy,-212.33863760658326,
instruct,TriviaMC,19,cross_margin_logit_to_entropy,-212.74222665202996,
instruct,TriviaMC,20,cross_margin_logit_to_entropy,-212.9987322979783,
instruct,TriviaMC,21,cross_margin_logit_to_entropy,-213.14673490575876,
instruct,TriviaMC,22,cross_margin_logit_to_entropy,-213.20565681742056,
instruct,TriviaMC,23,cross_margin_logit_to_entropy,-212.82898012246366,
instruct,TriviaMC,24,cross_margin_logit_to_entropy,-213.76064456714758,
instruct,TriviaMC,25,cross_margin_logit_to_entropy,-214.11179876375675,
instruct,TriviaMC,26,cross_margin_logit_to_entropy,-213.39503603444942,
instruct,TriviaMC,27,cross_margin_logit_to_entropy,-213.34262470456636,
instruct,TriviaMC,28,cross_margin_logit_to_entropy,-212.90513117901696,
instruct,TriviaMC,29,cross_margin_logit_to_entropy,-213.41205139440643,
instruct,TriviaMC,30,cross_margin_logit_to_entropy,-213.91573953291908,
instruct,TriviaMC,31,cross_margin_logit_to_entropy,-213.95214071546823,
instruct,TriviaMC,0,cross_margin_logit_to_stated_confidence,-323.68620139312065,
instruct,TriviaMC,1,cross_margin_logit_to_stated_confidence,-327.02021128835713,
instruct,TriviaMC,2,cross_margin_logit_to_stated_confidence,-329.42559717361945,
instruct,TriviaMC,3,cross_margin_logit_to_stated_confidence,-330.5213038705068,
instruct,TriviaMC,4,cross_margin_logit_to_stated_confidence,-336.84056251798654,
instruct,TriviaMC,5,cross_margin_logit_to_stated_confidence,-334.95611359317496,
instruct,TriviaMC,6,cross_margin_logit_to_stated_confidence,-336.82931463366117,
instruct,TriviaMC,7,cross_margin_logit_to_stated_confidence,-347.8391913257312,
instruct,TriviaMC,8,cross_margin_logit_to_stated_confidence,-351.41063020186874,
instruct,TriviaMC,9,cross_margin_logit_to_stated_confidence,-368.15983142370453,
instruct,TriviaMC,10,cross_margin_logit_to_stated_confidence,-383.0310086021286,
instruct,TriviaMC,11,cross_margin_logit_to_stated_confidence,-385.36331900106273,
instruct,TriviaMC,12,cross_margin_logit_to_stated_confidence,-416.25179454191067,
instruct,TriviaMC,13,cross_margin_logit_to_stated_confidence,-440.31741330468833,
instruct,TriviaMC,14,cross_margin_logit_to_stated_confidence,-457.2393773023735,
instruct,TriviaMC,15,cross_margin_logit_to_stated_confidence,-458.0449963161743,
instruct,TriviaMC,16,cross_margin_logit_to_stated_confidence,-460.749987294503,
instruct,TriviaMC,17,cross_margin_logit_to_stated_confidence,-471.082455408216,
instruct,TriviaMC,18,cross_margin_logit_to_stated_confidence,-474.5552126287185,
instruct,TriviaMC,19,cross_margin_logit_to_stated_confidence,-475.459726798954,
instruct,TriviaMC,20,cross_margin_logit_to_stated_confidence,-476.020872241222,
instruct,TriviaMC,21,cross_margin_logit_to_stated_confidence,-476.2929313781067,
instruct,TriviaMC,22,cross_margin_logit_to_stated_confidence,-476.40050268431935,
instruct,TriviaMC,23,cross_margin_logit_to_stated_confidence,-475.55839000164656,
instruct,TriviaMC,24,cross_margin_logit_to_stated_confidence,-477.84611906548264,
instruct,TriviaMC,25,cross_margin_logit_to_stated_confidence,-478.6910438060468,
instruct,TriviaMC,26,cross_margin_logit_to_stated_confidence,-477.04496668811976,
instruct,TriviaMC,27,cross_margin_logit_to_stated_confidence,-476.9342454471124,
instruct,TriviaMC,28,cross_margin_logit_to_stated_confidence,-475.68209658106593,
instruct,TriviaMC,29,cross_margin_logit_to_stated_confidence,-476.9356483549195,
instruct,TriviaMC,30,cross_margin_logit_to_stated_confidence,-478.1055994646561,
instruct,TriviaMC,31,cross_margin_logit_to_stated_confidence,-478.60629904486854,
instruct,TriviaMC,0,cross_margin_logit_to_is_correct,0.5825,
instruct,TriviaMC,1,cross_margin_logit_to_is_correct,0.6,
instruct,TriviaMC,2,cross_margin_logit_to_is_correct,0.5975,
instruct,TriviaMC,3,cross_margin_logit_to_is_correct,0.605,
instruct,TriviaMC,4,cross_margin_logit_to_is_correct,0.6,
instruct,TriviaMC,5,cross_margin_logit_to_is_correct,0.595,
instruct,TriviaMC,6,cross_margin_logit_to_is_correct,0.6,
instruct,TriviaMC,7,cross_margin_logit_to_is_correct,0.6025,
instruct,TriviaMC,8,cross_margin_logit_to_is_correct,0.6325,
instruct,TriviaMC,9,cross_margin_logit_to_is_correct,0.635,
instruct,TriviaMC,10,cross_margin_logit_to_is_correct,0.65,
instruct,TriviaMC,11,cross_margin_logit_to_is_correct,0.655,
instruct,TriviaMC,12,cross_margin_logit_to_is_correct,0.67,
instruct,TriviaMC,13,cross_margin_logit_to_is_correct,0.7075,
instruct,TriviaMC,14,cross_margin_logit_to_is_correct,0.7,
instruct,TriviaMC,15,cross_margin_logit_to_is_correct,0.7,
instruct,TriviaMC,16,cross_margin_logit_to_is_correct,0.7025,
instruct,TriviaMC,17,cross_margin_logit_to_is_correct,0.7075,
instruct,TriviaMC,18,cross_margin_logit_to_is_correct,0.71,
instruct,TriviaMC,19,cross_margin_logit_to_is_correct,0.71,
instruct,TriviaMC,20,cross_margin_logit_to_is_correct,0.715,
instruct,TriviaMC,21,cross_margin_logit_to_is_correct,0.7125,
instruct,TriviaMC,22,cross_margin_logit_to_is_correct,0.7175,
instruct,TriviaMC,23,cross_margin_logit_to_is_correct,0.715,
instruct,TriviaMC,24,cross_margin_logit_to_is_correct,0.71,
instruct,TriviaMC,25,cross_margin_logit_to_is_correct,0.71,
instruct,TriviaMC,26,cross_margin_logit_to_is_correct,0.71,
instruct,TriviaMC,27,cross_margin_logit_to_is_correct,0.71,
instruct,TriviaMC,28,cross_margin_logit_to_is_correct,0.7125,
instruct,TriviaMC,29,cross_margin_logit_to_is_correct,0.71,
instruct,TriviaMC,30,cross_margin_logit_to_is_correct,0.71,
instruct,TriviaMC,31,cross_margin_logit_to_is_correct,0.71,
instruct,TriviaMC,0,cross_entropy_to_margin_logit,-1.579841956150048,
instruct,TriviaMC,1,cross_entropy_to_margin_logit,-1.5823467285498816,
instruct,TriviaMC,2,cross_entropy_to_margin_logit,-1.5864349690745851,
instruct,TriviaMC,3,cross_entropy_to_margin_logit,-1.5911902607515076,
instruct,TriviaMC,4,cross_entropy_to_margin_logit,-1.5939123677075249,
instruct,TriviaMC,5,cross_entropy_to_margin_logit,-1.594664553542371,
instruct,TriviaMC,6,cross_entropy_to_margin_logit,-1.596405822863038,
instruct,TriviaMC,7,cross_entropy_to_margin_logit,-1.6026648021208327,
instruct,TriviaMC,8,cross_entropy_to_margin_logit,-1.6118831246176195,
instruct,TriviaMC,9,cross_entropy_to_margin_logit,-1.618673044416198,
instruct,TriviaMC,10,cross_entropy_to_margin_logit,-1.635867441495137,
instruct,TriviaMC,11,cross_entropy_to_margin_logit,-1.6409897642941957,
instruct,TriviaMC,12,cross_entropy_to_margin_logit,-1.682633060617722,
instruct,TriviaMC,13,cross_entropy_to_margin_logit,-1.7080668385485271,
instruct,TriviaMC,14,cross_entropy_to_margin_logit,-1.7284512632599482,
instruct,TriviaMC,15,cross_entropy_to_margin_logit,-1.7299987462298039,
instruct,TriviaMC,16,cross_entropy_to_margin_logit,-1.731288036131995,
instruct,TriviaMC,17,cross_entropy_to_margin_logit,-1.741261906172975,
instruct,TriviaMC,18,cross_entropy_to_margin_logit,-1.7450152086704476,
instruct,TriviaMC,19,cross_entropy_to_margin_logit,-1.748033593254109,
instruct,TriviaMC,20,cross_entropy_to_margin_logit,-1.7483508494620907,
instruct,TriviaMC,21,cross_entropy_to_margin_logit,-1.7483869471764657,
instruct,TriviaMC,22,cross_entropy_to_margin_logit,-1.7477450850866618,
instruct,TriviaMC,23,cross_entropy_to_margin_logit,-1.7478209873101607,
instruct,TriviaMC,24,cross_entropy_to_margin_logit,-1.7478799431847802,
instruct,TriviaMC,25,cross_entropy_to_margin_logit,-1.7482939302598721,
instruct,TriviaMC,26,cross_entropy_to_margin_logit,-1.7478311010754144,
instruct,TriviaMC,27,cross_entropy_to_margin_logit,-1.7479544786039463,
instruct,TriviaMC,28,cross_entropy_to_margin_logit,-1.7478966828846119,
instruct,TriviaMC,29,cross_entropy_to_margin_logit,-1.748456472397062,
instruct,TriviaMC,30,cross_entropy_to_margin_logit,-1.7479468242074354,
instruct,TriviaMC,31,cross_entropy_to_margin_logit,-1.7474453847946627,
instruct,TriviaMC,0,cross_entropy_to_stated_confidence,-0.42461214120921653,
instruct,TriviaMC,1,cross_entropy_to_stated_confidence,-0.487080016691106,
instruct,TriviaMC,2,cross_entropy_to_stated_confidence,-0.5666807881242246,
instruct,TriviaMC,3,cross_entropy_to_stated_confidence,-0.6458913203119467,
instruct,TriviaMC,4,cross_entropy_to_stated_confidence,-0.703043309330875,
instruct,TriviaMC,5,cross_entropy_to_stated_confidence,-0.7396880650298394,
instruct,TriviaMC,6,cross_entropy_to_stated_confidence,-0.7678195455655654,
instruct,TriviaMC,7,cross_entropy_to_stated_confidence,-0.9279211716334721,
instruct,TriviaMC,8,cross_entropy_to_stated_confidence,-1.149144554663946,
instruct,TriviaMC,9,cross_entropy_to_stated_confidence,-1.2661053016511286,
instruct,TriviaMC,10,cross_entropy_to_stated_confidence,-1.617082298438027,
instruct,TriviaMC,11,cross_entropy_to_stated_confidence,-1.6938282873224315,
instruct,TriviaMC,12,cross_entropy_to_stated_confidence,-2.4642399782488154,
instruct,TriviaMC,13,cross_entropy_to_stated_confidence,-2.911029280010044,
instruct,TriviaMC,14,cross_entropy_to_stated_confidence,-3.2246612889203217,
instruct,TriviaMC,15,cross_entropy_to_stated_confidence,-3.308088960998721,
instruct,TriviaMC,16,cross_entropy_to_stated_confidence,-3.3747030800584144,
instruct,TriviaMC,17,cross_entropy_to_stated_confidence,-3.479758126732359,
instruct,TriviaMC,18,cross_entropy_to_stated_confidence,-3.5610022472138683,
instruct,TriviaMC,19,cross_entropy_to_stated_confidence,-3.7180465255506796,
instruct,TriviaMC,20,cross_entropy_to_stated_confidence,-3.7272025592939135,
instruct,TriviaMC,21,cross_entropy_to_stated_confidence,-3.7166657847400257,
instruct,TriviaMC,22,cross_entropy_to_stated_confidence,-3.691646202260258,
instruct,TriviaMC,23,cross_entropy_to_stated_confidence,-3.6967653488323657,
instruct,TriviaMC,24,cross_entropy_to_stated_confidence,-3.6796628069413417,
instruct,TriviaMC,25,cross_entropy_to_stated_confidence,-3.689634474998144,
instruct,TriviaMC,26,cross_entropy_to_stated_confidence,-3.677028119463059,
instruct,TriviaMC,27,cross_entropy_to_stated_confidence,-3.6857693886468255,
instruct,TriviaMC,28,cross_entropy_to_stated_confidence,-3.6788749262114093,
instruct,TriviaMC,29,cross_entropy_to_stated_confidence,-3.6939893941611412,
instruct,TriviaMC,30,cross_entropy_to_stated_confidence,-3.6758706211256857,
instruct,TriviaMC,31,cross_entropy_to_stated_confidence,-3.623427898024566,
instruct,TriviaMC,0,cross_entropy_to_is_correct,0.595,
instruct,TriviaMC,1,cross_entropy_to_is_correct,0.5875,
instruct,TriviaMC,2,cross_entropy_to_is_correct,0.6025,
instruct,TriviaMC,3,cross_entropy_to_is_correct,0.5925,
instruct,TriviaMC,4,cross_entropy_to_is_correct,0.6,
instruct,TriviaMC,5,cross_entropy_to_is_correct,0.5925,
instruct,TriviaMC,6,cross_entropy_to_is_correct,0.6075,
instruct,TriviaMC,7,cross_entropy_to_is_correct,0.6,
instruct,TriviaMC,8,cross_entropy_to_is_correct,0.6225,
instruct,TriviaMC,9,cross_entropy_to_is_correct,0.6375,
instruct,TriviaMC,10,cross_entropy_to_is_correct,0.6525,
instruct,TriviaMC,11,cross_entropy_to_is_correct,0.6625,
instruct,TriviaMC,12,cross_entropy_to_is_correct,0.68,
instruct,TriviaMC,13,cross_entropy_to_is_correct,0.71,
instruct,TriviaMC,14,cross_entropy_to_is_correct,0.7075,
instruct,TriviaMC,15,cross_entropy_to_is_correct,0.7,
instruct,TriviaMC,16,cross_entropy_to_is_correct,0.7075,
instruct,TriviaMC,17,cross_entropy_to_is_correct,0.7175,
instruct,TriviaMC,18,cross_entropy_to_is_correct,0.7125,
instruct,TriviaMC,19,cross_entropy_to_is_correct,0.7125,
instruct,TriviaMC,20,cross_entropy_to_is_correct,0.7125,
instruct,TriviaMC,21,cross_entropy_to_is_correct,0.715,
instruct,TriviaMC,22,cross_entropy_to_is_correct,0.7125,
instruct,TriviaMC,23,cross_entropy_to_is_correct,0.71,
instruct,TriviaMC,24,cross_entropy_to_is_correct,0.7125,
instruct,TriviaMC,25,cross_entropy_to_is_correct,0.7125,
instruct,TriviaMC,26,cross_entropy_to_is_correct,0.715,
instruct,TriviaMC,27,cross_entropy_to_is_correct,0.7125,
instruct,TriviaMC,28,cross_entropy_to_is_correct,0.715,
instruct,TriviaMC,29,cross_entropy_to_is_correct,0.715,
instruct,TriviaMC,30,cross_entropy_to_is_correct,0.7125,
instruct,TriviaMC,31,cross_entropy_to_is_correct,0.7175,
instruct,TriviaMC,0,cross_stated_confidence_to_margin_logit,-1.4996578315235949,
instruct,TriviaMC,1,cross_stated_confidence_to_margin_logit,-1.4971739655818923,
instruct,TriviaMC,2,cross_stated_confidence_to_margin_logit,-1.494193195299518,
instruct,TriviaMC,3,cross_stated_confidence_to_margin_logit,-1.491764061589441,
instruct,TriviaMC,4,cross_stated_confidence_to_margin_logit,-1.4915413291837245,
instruct,TriviaMC,5,cross_stated_confidence_to_margin_logit,-1.4905974576118095,
instruct,TriviaMC,6,cross_stated_confidence_to_margin_logit,-1.4905333633461497,
instruct,TriviaMC,7,cross_stated_confidence_to_margin_logit,-1.4848130914936588,
instruct,TriviaMC,8,cross_stated_confidence_to_margin_logit,-1.481073986225601,
instruct,TriviaMC,9,cross_stated_confidence_to_margin_logit,-1.4750362149599674,
instruct,TriviaMC,10,cross_stated_confidence_to_margin_logit,-1.4659092383995036,
instruct,TriviaMC,11,cross_stated_confidence_to_margin_logit,-1.463614430111051,
instruct,TriviaMC,12,cross_stated_confidence_to_margin_logit,-1.450133612589771,
instruct,TriviaMC,13,cross_stated_confidence_to_margin_logit,-1.4437886137412028,
instruct,TriviaMC,14,cross_stated_confidence_to_margin_logit,-1.4424552406078233,
instruct,TriviaMC,15,cross_stated_confidence_to_margin_logit,-1.4421271502587314,
instruct,TriviaMC,16,cross_stated_confidence_to_margin_logit,-1.4424090852842326,
instruct,TriviaMC,17,cross_stated_confidence_to_margin_logit,-1.4421333703666193,
instruct,TriviaMC,18,cross_stated_confidence_to_margin_logit,-1.442002375929734,
instruct,TriviaMC,19,cross_stated_confidence_to_margin_logit,-1.4421435685300343,
instruct,TriviaMC,20,cross_stated_confidence_to_margin_logit,-1.442260916051131,
instruct,TriviaMC,21,cross_stated_confidence_to_margin_logit,-1.4429096119742795,
instruct,TriviaMC,22,cross_stated_confidence_to_margin_logit,-1.442227843436032,
instruct,TriviaMC,23,cross_stated_confidence_to_margin_logit,-1.4422308905397094,
instruct,TriviaMC,24,cross_stated_confidence_to_margin_logit,-1.4424375480696083,
instruct,TriviaMC,25,cross_stated_confidence_to_margin_logit,-1.4423140369591647,
instruct,TriviaMC,26,cross_stated_confidence_to_margin_logit,-1.4425023583727845,
instruct,TriviaMC,27,cross_stated_confidence_to_margin_logit,-1.4423699468381677,
instruct,TriviaMC,28,cross_stated_confidence_to_margin_logit,-1.4417251510502749,
instruct,TriviaMC,29,cross_stated_confidence_to_margin_logit,-1.441464969144688,
instruct,TriviaMC,30,cross_stated_confidence_to_margin_logit,-1.4414583720749445,
instruct,TriviaMC,31,cross_stated_confidence_to_margin_logit,-1.4422404649881768,
instruct,TriviaMC,0,cross_stated_confidence_to_entropy,-0.07708509941961617,
instruct,TriviaMC,1,cross_stated_confidence_to_entropy,-0.09632540189416594,
instruct,TriviaMC,2,cross_stated_confidence_to_entropy,-0.12248888262228297,
instruct,TriviaMC,3,cross_stated_confidence_to_entropy,-0.16221164458203763,
instruct,TriviaMC,4,cross_stated_confidence_to_entropy,-0.14937287465392535,
instruct,TriviaMC,5,cross_stated_confidence_to_entropy,-0.16738092101754454,
instruct,TriviaMC,6,cross_stated_confidence_to_entropy,-0.17850570273915012,
instruct,TriviaMC,7,cross_stated_confidence_to_entropy,-0.2460965585096233,
instruct,TriviaMC,8,cross_stated_confidence_to_entropy,-0.2905845015128734,
instruct,TriviaMC,9,cross_stated_confidence_to_entropy,-0.3642120580524686,
instruct,TriviaMC,10,cross_stated_confidence_to_entropy,-0.4374074512181585,
instruct,TriviaMC,11,cross_stated_confidence_to_entropy,-0.45964525773372467,
instruct,TriviaMC,12,cross_stated_confidence_to_entropy,-0.5940584309757759,
instruct,TriviaMC,13,cross_stated_confidence_to_entropy,-0.681372165537308,
instruct,TriviaMC,14,cross_stated_confidence_to_entropy,-0.7030087246288774,
instruct,TriviaMC,15,cross_stated_confidence_to_entropy,-0.7263693337731298,
instruct,TriviaMC,16,cross_stated_confidence_to_entropy,-0.7233335687776314,
instruct,TriviaMC,17,cross_stated_confidence_to_entropy,-0.7408214002503732,
instruct,TriviaMC,18,cross_stated_confidence_to_entropy,-0.7389766828634339,
instruct,TriviaMC,19,cross_stated_confidence_to_entropy,-0.7398533602169395,
instruct,TriviaMC,20,cross_stated_confidence_to_entropy,-0.7393419734458466,
instruct,TriviaMC,21,cross_stated_confidence_to_entropy,-0.7145175603926968,
instruct,TriviaMC,22,cross_stated_confidence_to_entropy,-0.7233620800186229,
instruct,TriviaMC,23,cross_stated_confidence_to_entropy,-0.72315128391113,
instruct,TriviaMC,24,cross_stated_confidence_to_entropy,-0.7195963247299968,
instruct,TriviaMC,25,cross_stated_confidence_to_entropy,-0.7201488218362935,
instruct,TriviaMC,26,cross_stated_confidence_to_entropy,-0.7080805413223505,
instruct,TriviaMC,27,cross_stated_confidence_to_entropy,-0.7190152198662887,
instruct,TriviaMC,28,cross_stated_confidence_to_entropy,-0.7163446936397018,
instruct,TriviaMC,29,cross_stated_confidence_to_entropy,-0.7152201891895773,
instruct,TriviaMC,30,cross_stated_confidence_to_entropy,-0.7153389192949451,
instruct,TriviaMC,31,cross_stated_confidence_to_entropy,-0.6918780845505159,
instruct,TriviaMC,0,cross_stated_confidence_to_is_correct,0.5125,
instruct,TriviaMC,1,cross_stated_confidence_to_is_correct,0.535,
instruct,TriviaMC,2,cross_stated_confidence_to_is_correct,0.5525,
instruct,TriviaMC,3,cross_stated_confidence_to_is_correct,0.5625,
instruct,TriviaMC,4,cross_stated_confidence_to_is_correct,0.5525,
instruct,TriviaMC,5,cross_stated_confidence_to_is_correct,0.5525,
instruct,TriviaMC,6,cross_stated_confidence_to_is_correct,0.555,
instruct,TriviaMC,7,cross_stated_confidence_to_is_correct,0.5675,
instruct,TriviaMC,8,cross_stated_confidence_to_is_correct,0.5725,
instruct,TriviaMC,9,cross_stated_confidence_to_is_correct,0.585,
instruct,TriviaMC,10,cross_stated_confidence_to_is_correct,0.6125,
instruct,TriviaMC,11,cross_stated_confidence_to_is_correct,0.6225,
instruct,TriviaMC,12,cross_stated_confidence_to_is_correct,0.6425,
instruct,TriviaMC,13,cross_stated_confidence_to_is_correct,0.6625,
instruct,TriviaMC,14,cross_stated_confidence_to_is_correct,0.665,
instruct,TriviaMC,15,cross_stated_confidence_to_is_correct,0.67,
instruct,TriviaMC,16,cross_stated_confidence_to_is_correct,0.67,
instruct,TriviaMC,17,cross_stated_confidence_to_is_correct,0.6575,
instruct,TriviaMC,18,cross_stated_confidence_to_is_correct,0.665,
instruct,TriviaMC,19,cross_stated_confidence_to_is_correct,0.665,
instruct,TriviaMC,20,cross_stated_confidence_to_is_correct,0.66,
instruct,TriviaMC,21,cross_stated_confidence_to_is_correct,0.6675,
instruct,TriviaMC,22,cross_stated_confidence_to_is_correct,0.6575,
instruct,TriviaMC,23,cross_stated_confidence_to_is_correct,0.65,
instruct,TriviaMC,24,cross_stated_confidence_to_is_correct,0.6475,
instruct,TriviaMC,25,cross_stated_confidence_to_is_correct,0.655,
instruct,TriviaMC,26,cross_stated_confidence_to_is_correct,0.66,
instruct,TriviaMC,27,cross_stated_confidence_to_is_correct,0.6625,
instruct,TriviaMC,28,cross_stated_confidence_to_is_correct,0.655,
instruct,TriviaMC,29,cross_stated_confidence_to_is_correct,0.66,
instruct,TriviaMC,30,cross_stated_confidence_to_is_correct,0.6675,
instruct,TriviaMC,31,cross_stated_confidence_to_is_correct,0.6675,
instruct,TriviaMC,0,cross_is_correct_to_margin_logit,-1.2487063970403236,
instruct,TriviaMC,1,cross_is_correct_to_margin_logit,-1.2594931235161138,
instruct,TriviaMC,2,cross_is_correct_to_margin_logit,-1.2474514673237187,
instruct,TriviaMC,3,cross_is_correct_to_margin_logit,-1.241406159079045,
instruct,TriviaMC,4,cross_is_correct_to_margin_logit,-1.2443772760466958,
instruct,TriviaMC,5,cross_is_correct_to_margin_logit,-1.2514559042428246,
instruct,TriviaMC,6,cross_is_correct_to_margin_logit,-1.2353711582653086,
instruct,TriviaMC,7,cross_is_correct_to_margin_logit,-1.239659049535188,
instruct,TriviaMC,8,cross_is_correct_to_margin_logit,-1.2328690294053009,
instruct,TriviaMC,9,cross_is_correct_to_margin_logit,-1.2339822319465195,
instruct,TriviaMC,10,cross_is_correct_to_margin_logit,-1.2306323168919264,
instruct,TriviaMC,11,cross_is_correct_to_margin_logit,-1.2270401772103088,
instruct,TriviaMC,12,cross_is_correct_to_margin_logit,-1.2272927092682706,
instruct,TriviaMC,13,cross_is_correct_to_margin_logit,-1.21619418300663,
instruct,TriviaMC,14,cross_is_correct_to_margin_logit,-1.2095896966336128,
instruct,TriviaMC,15,cross_is_correct_to_margin_logit,-1.2093088191405736,
instruct,TriviaMC,16,cross_is_correct_to_margin_logit,-1.2102055656321111,
instruct,TriviaMC,17,cross_is_correct_to_margin_logit,-1.202998094549267,
instruct,TriviaMC,18,cross_is_correct_to_margin_logit,-1.2035572726776107,
instruct,TriviaMC,19,cross_is_correct_to_margin_logit,-1.2008129191905788,
instruct,TriviaMC,20,cross_is_correct_to_margin_logit,-1.2026399113241992,
instruct,TriviaMC,21,cross_is_correct_to_margin_logit,-1.2028640979470833,
instruct,TriviaMC,22,cross_is_correct_to_margin_logit,-1.2035031586651903,
instruct,TriviaMC,23,cross_is_correct_to_margin_logit,-1.1997100240802974,
instruct,TriviaMC,24,cross_is_correct_to_margin_logit,-1.2006222317182402,
instruct,TriviaMC,25,cross_is_correct_to_margin_logit,-1.2022198835135076,
instruct,TriviaMC,26,cross_is_correct_to_margin_logit,-1.201547323644855,
instruct,TriviaMC,27,cross_is_correct_to_margin_logit,-1.197689767616604,
instruct,TriviaMC,28,cross_is_correct_to_margin_logit,-1.1996249877750653,
instruct,TriviaMC,29,cross_is_correct_to_margin_logit,-1.1975635015876231,
instruct,TriviaMC,30,cross_is_correct_to_margin_logit,-1.2041551036719689,
instruct,TriviaMC,31,cross_is_correct_to_margin_logit,-1.2066495019587737,
instruct,TriviaMC,0,cross_is_correct_to_entropy,-2.0816383164284353,
instruct,TriviaMC,1,cross_is_correct_to_entropy,-2.122171609948553,
instruct,TriviaMC,2,cross_is_correct_to_entropy,-2.145903964019399,
instruct,TriviaMC,3,cross_is_correct_to_entropy,-2.2670636442910213,
instruct,TriviaMC,4,cross_is_correct_to_entropy,-2.2666035206935256,
instruct,TriviaMC,5,cross_is_correct_to_entropy,-2.215205135742213,
instruct,TriviaMC,6,cross_is_correct_to_entropy,-2.246762379829293,
instruct,TriviaMC,7,cross_is_correct_to_entropy,-2.280612716806821,
instruct,TriviaMC,8,cross_is_correct_to_entropy,-2.375931993155149,
instruct,TriviaMC,9,cross_is_correct_to_entropy,-2.4470660696212008,
instruct,TriviaMC,10,cross_is_correct_to_entropy,-2.51026522991334,
instruct,TriviaMC,11,cross_is_correct_to_entropy,-2.5477000709547992,
instruct,TriviaMC,12,cross_is_correct_to_entropy,-2.647518554285829,
instruct,TriviaMC,13,cross_is_correct_to_entropy,-2.746991508430446,
instruct,TriviaMC,14,cross_is_correct_to_entropy,-2.895866758767677,
instruct,TriviaMC,15,cross_is_correct_to_entropy,-2.9258653854094403,
instruct,TriviaMC,16,cross_is_correct_to_entropy,-2.973664154663885,
instruct,TriviaMC,17,cross_is_correct_to_entropy,-3.0301598082724883,
instruct,TriviaMC,18,cross_is_correct_to_entropy,-3.0010800709485537,
instruct,TriviaMC,19,cross_is_correct_to_entropy,-3.0728945449740754,
instruct,TriviaMC,20,cross_is_correct_to_entropy,-3.0676687492772183,
instruct,TriviaMC,21,cross_is_correct_to_entropy,-3.0690767356825885,
instruct,TriviaMC,22,cross_is_correct_to_entropy,-3.0720838378696254,
instruct,TriviaMC,23,cross_is_correct_to_entropy,-3.068254879364522,
instruct,TriviaMC,24,cross_is_correct_to_entropy,-3.0832995485823176,
instruct,TriviaMC,25,cross_is_correct_to_entropy,-3.094501720964188,
instruct,TriviaMC,26,cross_is_correct_to_entropy,-3.104234586265794,
instruct,TriviaMC,27,cross_is_correct_to_entropy,-3.1153741936408936,
instruct,TriviaMC,28,cross_is_correct_to_entropy,-3.104644070999851,
instruct,TriviaMC,29,cross_is_correct_to_entropy,-3.0915343876239385,
instruct,TriviaMC,30,cross_is_correct_to_entropy,-3.0233749145071274,
instruct,TriviaMC,31,cross_is_correct_to_entropy,-2.976286509434578,
instruct,TriviaMC,0,cross_is_correct_to_stated_confidence,-3.738686879033085,
instruct,TriviaMC,1,cross_is_correct_to_stated_confidence,-3.598566014544711,
instruct,TriviaMC,2,cross_is_correct_to_stated_confidence,-3.575622247260064,
instruct,TriviaMC,3,cross_is_correct_to_stated_confidence,-3.292922257502817,
instruct,TriviaMC,4,cross_is_correct_to_stated_confidence,-3.444515005633515,
instruct,TriviaMC,5,cross_is_correct_to_stated_confidence,-3.4199323978285365,
instruct,TriviaMC,6,cross_is_correct_to_stated_confidence,-3.4199323978285365,
instruct,TriviaMC,7,cross_is_correct_to_stated_confidence,-3.3150466045272973,
instruct,TriviaMC,8,cross_is_correct_to_stated_confidence,-3.139690668851787,
instruct,TriviaMC,9,cross_is_correct_to_stated_confidence,-3.073317627778347,
instruct,TriviaMC,10,cross_is_correct_to_stated_confidence,-3.0552903820546966,
instruct,TriviaMC,11,cross_is_correct_to_stated_confidence,-3.0585680630953602,
instruct,TriviaMC,12,cross_is_correct_to_stated_confidence,-2.8496158967530474,
instruct,TriviaMC,13,cross_is_correct_to_stated_confidence,-2.881573286899519,
instruct,TriviaMC,14,cross_is_correct_to_stated_confidence,-2.7562019870941312,
instruct,TriviaMC,15,cross_is_correct_to_stated_confidence,-2.681634743419031,
instruct,TriviaMC,16,cross_is_correct_to_stated_confidence,-2.6259141657277483,
instruct,TriviaMC,17,cross_is_correct_to_stated_confidence,-2.5669159069958005,
instruct,TriviaMC,18,cross_is_correct_to_stated_confidence,-2.714411553825669,
instruct,TriviaMC,19,cross_is_correct_to_stated_confidence,-2.6201782239065863,
instruct,TriviaMC,20,cross_is_correct_to_stated_confidence,-2.6087063402642636,
instruct,TriviaMC,21,cross_is_correct_to_stated_confidence,-2.679176482638534,
instruct,TriviaMC,22,cross_is_correct_to_stated_confidence,-2.6472190924920627,
instruct,TriviaMC,23,cross_is_correct_to_stated_confidence,-2.5767489501177923,
instruct,TriviaMC,24,cross_is_correct_to_stated_confidence,-2.661149236914883,
instruct,TriviaMC,25,cross_is_correct_to_stated_confidence,-2.6087063402642636,
instruct,TriviaMC,26,cross_is_correct_to_stated_confidence,-2.5619993854348047,
instruct,TriviaMC,27,cross_is_correct_to_stated_confidence,-2.5988732971422723,
instruct,TriviaMC,28,cross_is_correct_to_stated_confidence,-2.5792072108982897,
instruct,TriviaMC,29,cross_is_correct_to_stated_confidence,-2.6808153231588654,
instruct,TriviaMC,30,cross_is_correct_to_stated_confidence,-2.5726518488169625,
instruct,TriviaMC,31,cross_is_correct_to_stated_confidence,-2.6431219911912325,
finetuned,SimpleMC,0,cross_margin_logit_to_entropy,-1.616231654324054,
finetuned,SimpleMC,1,cross_margin_logit_to_entropy,-1.9467096026985309,
finetuned,SimpleMC,2,cross_margin_logit_to_entropy,-2.0632423088867555,
finetuned,SimpleMC,3,cross_margin_logit_to_entropy,-2.158200585405655,
finetuned,SimpleMC,4,cross_margin_logit_to_entropy,-2.2990170144320374,
finetuned,SimpleMC,5,cross_margin_logit_to_entropy,-2.3332067573168622,
finetuned,SimpleMC,6,cross_margin_logit_to_entropy,-2.4270662628444906,
finetuned,SimpleMC,7,cross_margin_logit_to_entropy,-2.632962959287858,
finetuned,SimpleMC,8,cross_margin_logit_to_entropy,-2.702660384803724,
finetuned,SimpleMC,9,cross_margin_logit_to_entropy,-2.6644166264625904,
finetuned,SimpleMC,10,cross_margin_logit_to_entropy,-2.8360884871839556,
finetuned,SimpleMC,11,cross_margin_logit_to_entropy,-2.9991244849588212,
finetuned,SimpleMC,12,cross_margin_logit_to_entropy,-4.468613495978607,
finetuned,SimpleMC,13,cross_margin_logit_to_entropy,-8.422511796567822,
finetuned,SimpleMC,14,cross_margin_logit_to_entropy,-10.806139390407969,
finetuned,SimpleMC,15,cross_margin_logit_to_entropy,-11.30498474587165,
finetuned,SimpleMC,16,cross_margin_logit_to_entropy,-12.201358542474884,
finetuned,SimpleMC,17,cross_margin_logit_to_entropy,-14.436509311176772,
finetuned,SimpleMC,18,cross_margin_logit_to_entropy,-15.240480260098092,
finetuned,SimpleMC,19,cross_margin_logit_to_entropy,-15.219305853170397,
finetuned,SimpleMC,20,cross_margin_logit_to_entropy,-15.72674816820005,
finetuned,SimpleMC,21,cross_margin_logit_to_entropy,-15.72589114946782,
finetuned,SimpleMC,22,cross_margin_logit_to_entropy,-15.763783496098018,
finetuned,SimpleMC,23,cross_margin_logit_to_entropy,-15.805494872277869,
finetuned,SimpleMC,24,cross_margin_logit_to_entropy,-16.09399203945317,
finetuned,SimpleMC,25,cross_margin_logit_to_entropy,-16.22338401912234,
finetuned,SimpleMC,26,cross_margin_logit_to_entropy,-16.235338396891954,
finetuned,SimpleMC,27,cross_margin_logit_to_entropy,-16.36331565488445,
finetuned,SimpleMC,28,cross_margin_logit_to_entropy,-16.252297957598955,
finetuned,SimpleMC,29,cross_margin_logit_to_entropy,-16.39723678764756,
finetuned,SimpleMC,30,cross_margin_logit_to_entropy,-16.416377959962315,
finetuned,SimpleMC,31,cross_margin_logit_to_entropy,-16.003680912719243,
finetuned,SimpleMC,0,cross_margin_logit_to_stated_confidence,-5.458432806769087,
finetuned,SimpleMC,1,cross_margin_logit_to_stated_confidence,-5.740459933623699,
finetuned,SimpleMC,2,cross_margin_logit_to_stated_confidence,-5.840621578393918,
finetuned,SimpleMC,3,cross_margin_logit_to_stated_confidence,-5.891776140859264,
finetuned,SimpleMC,4,cross_margin_logit_to_stated_confidence,-5.912113983786599,
finetuned,SimpleMC,5,cross_margin_logit_to_stated_confidence,-5.901535727693112,
finetuned,SimpleMC,6,cross_margin_logit_to_stated_confidence,-6.042559065050669,
finetuned,SimpleMC,7,cross_margin_logit_to_stated_confidence,-6.126788572159164,
finetuned,SimpleMC,8,cross_margin_logit_to_stated_confidence,-6.154137195606064,
finetuned,SimpleMC,9,cross_margin_logit_to_stated_confidence,-6.078846026667387,
finetuned,SimpleMC,10,cross_margin_logit_to_stated_confidence,-6.116252955053909,
finetuned,SimpleMC,11,cross_margin_logit_to_stated_confidence,-6.184235479048506,
finetuned,SimpleMC,12,cross_margin_logit_to_stated_confidence,-6.522948740529485,
finetuned,SimpleMC,13,cross_margin_logit_to_stated_confidence,-9.077424917578119,
finetuned,SimpleMC,14,cross_margin_logit_to_stated_confidence,-10.737033986371236,
finetuned,SimpleMC,15,cross_margin_logit_to_stated_confidence,-11.330915515490712,
finetuned,SimpleMC,16,cross_margin_logit_to_stated_confidence,-12.04183607217074,
finetuned,SimpleMC,17,cross_margin_logit_to_stated_confidence,-14.057041398406653,
finetuned,SimpleMC,18,cross_margin_logit_to_stated_confidence,-14.811283954338181,
finetuned,SimpleMC,19,cross_margin_logit_to_stated_confidence,-14.677269340959459,
finetuned,SimpleMC,20,cross_margin_logit_to_stated_confidence,-15.197227671525688,
finetuned,SimpleMC,21,cross_margin_logit_to_stated_confidence,-15.191095666748254,
finetuned,SimpleMC,22,cross_margin_logit_to_stated_confidence,-15.229791421775818,
finetuned,SimpleMC,23,cross_margin_logit_to_stated_confidence,-15.279128828299868,
finetuned,SimpleMC,24,cross_margin_logit_to_stated_confidence,-15.557052012763243,
finetuned,SimpleMC,25,cross_margin_logit_to_stated_confidence,-15.7266886732396,
finetuned,SimpleMC,26,cross_margin_logit_to_stated_confidence,-15.752712550871923,
finetuned,SimpleMC,27,cross_margin_logit_to_stated_confidence,-15.850534023435113,
finetuned,SimpleMC,28,cross_margin_logit_to_stated_confidence,-15.786670633587836,
finetuned,SimpleMC,29,cross_margin_logit_to_stated_confidence,-15.87942221258762,
finetuned,SimpleMC,30,cross_margin_logit_to_stated_confidence,-15.990390118869314,
finetuned,SimpleMC,31,cross_margin_logit_to_stated_confidence,-15.695974166871494,
finetuned,SimpleMC,0,cross_margin_logit_to_is_correct,0.502,
finetuned,SimpleMC,1,cross_margin_logit_to_is_correct,0.506,
finetuned,SimpleMC,2,cross_margin_logit_to_is_correct,0.514,
finetuned,SimpleMC,3,cross_margin_logit_to_is_correct,0.53,
finetuned,SimpleMC,4,cross_margin_logit_to_is_correct,0.51,
finetuned,SimpleMC,5,cross_margin_logit_to_is_correct,0.51,
finetuned,SimpleMC,6,cross_margin_logit_to_is_correct,0.518,
finetuned,SimpleMC,7,cross_margin_logit_to_is_correct,0.526,
finetuned,SimpleMC,8,cross_margin_logit_to_is_correct,0.518,
finetuned,SimpleMC,9,cross_margin_logit_to_is_correct,0.522,
finetuned,SimpleMC,10,cross_margin_logit_to_is_correct,0.502,
finetuned,SimpleMC,11,cross_margin_logit_to_is_correct,0.506,
finetuned,SimpleMC,12,cross_margin_logit_to_is_correct,0.514,
finetuned,SimpleMC,13,cross_margin_logit_to_is_correct,0.526,
finetuned,SimpleMC,14,cross_margin_logit_to_is_correct,0.502,
finetuned,SimpleMC,15,cross_margin_logit_to_is_correct,0.53,
finetuned,SimpleMC,16,cross_margin_logit_to_is_correct,0.506,
finetuned,SimpleMC,17,cross_margin_logit_to_is_correct,0.506,
finetuned,SimpleMC,18,cross_margin_logit_to_is_correct,0.502,
finetuned,SimpleMC,19,cross_margin_logit_to_is_correct,0.502,
finetuned,SimpleMC,20,cross_margin_logit_to_is_correct,0.502,
finetuned,SimpleMC,21,cross_margin_logit_to_is_correct,0.502,
finetuned,SimpleMC,22,cross_margin_logit_to_is_correct,0.506,
finetuned,SimpleMC,23,cross_margin_logit_to_is_correct,0.502,
finetuned,SimpleMC,24,cross_margin_logit_to_is_correct,0.506,
finetuned,SimpleMC,25,cross_margin_logit_to_is_correct,0.51,
finetuned,SimpleMC,26,cross_margin_logit_to_is_correct,0.51,
finetuned,SimpleMC,27,cross_margin_logit_to_is_correct,0.522,
finetuned,SimpleMC,28,cross_margin_logit_to_is_correct,0.518,
finetuned,SimpleMC,29,cross_margin_logit_to_is_correct,0.514,
finetuned,SimpleMC,30,cross_margin_logit_to_is_correct,0.502,
finetuned,SimpleMC,31,cross_margin_logit_to_is_correct,0.522,
finetuned,SimpleMC,0,cross_entropy_to_margin_logit,-0.05355115981702485,
finetuned,SimpleMC,1,cross_entropy_to_margin_logit,-0.06509994669740826,
finetuned,SimpleMC,2,cross_entropy_to_margin_logit,-0.0678805484732039,
finetuned,SimpleMC,3,cross_entropy_to_margin_logit,-0.06972942547079919,
finetuned,SimpleMC,4,cross_entropy_to_margin_logit,-0.07525095217226996,
finetuned,SimpleMC,5,cross_entropy_to_margin_logit,-0.07914787307987448,
finetuned,SimpleMC,6,cross_entropy_to_margin_logit,-0.08199858974799668,
finetuned,SimpleMC,7,cross_entropy_to_margin_logit,-0.08913748313737324,
finetuned,SimpleMC,8,cross_entropy_to_margin_logit,-0.09343851767332056,
finetuned,SimpleMC,9,cross_entropy_to_margin_logit,-0.09368087855780094,
finetuned,SimpleMC,10,cross_entropy_to_margin_logit,-0.1004542321067452,
finetuned,SimpleMC,11,cross_entropy_to_margin_logit,-0.10633336742779043,
finetuned,SimpleMC,12,cross_entropy_to_margin_logit,-0.18823522440255402,
finetuned,SimpleMC,13,cross_entropy_to_margin_logit,-0.3138975271009552,
finetuned,SimpleMC,14,cross_entropy_to_margin_logit,-0.4360423301386833,
finetuned,SimpleMC,15,cross_entropy_to_margin_logit,-0.4395715124177699,
finetuned,SimpleMC,16,cross_entropy_to_margin_logit,-0.47009272899200805,
finetuned,SimpleMC,17,cross_entropy_to_margin_logit,-0.5359887725523671,
finetuned,SimpleMC,18,cross_entropy_to_margin_logit,-0.5589088692996045,
finetuned,SimpleMC,19,cross_entropy_to_margin_logit,-0.5585730850019626,
finetuned,SimpleMC,20,cross_entropy_to_margin_logit,-0.5673997694855848,
finetuned,SimpleMC,21,cross_entropy_to_margin_logit,-0.5694089728312315,
finetuned,SimpleMC,22,cross_entropy_to_margin_logit,-0.5670641821696398,
finetuned,SimpleMC,23,cross_entropy_to_margin_logit,-0.5651757058571865,
finetuned,SimpleMC,24,cross_entropy_to_margin_logit,-0.567667483755298,
finetuned,SimpleMC,25,cross_entropy_to_margin_logit,-0.5657553087868894,
finetuned,SimpleMC,26,cross_entropy_to_margin_logit,-0.5661855752473559,
finetuned,SimpleMC,27,cross_entropy_to_margin_logit,-0.566103516385523,
finetuned,SimpleMC,28,cross_entropy_to_margin_logit,-0.56428229777773,
finetuned,SimpleMC,29,cross_entropy_to_margin_logit,-0.568332080645348,
finetuned,SimpleMC,30,cross_entropy_to_margin_logit,-0.5685827825164282,
finetuned,SimpleMC,31,cross_entropy_to_margin_logit,-0.5626762122580631,
finetuned,SimpleMC,0,cross_entropy_to_stated_confidence,-4.0137090052843245,
finetuned,SimpleMC,1,cross_entropy_to_stated_confidence,-4.048727219997516,
finetuned,SimpleMC,2,cross_entropy_to_stated_confidence,-4.0586093902309734,
finetuned,SimpleMC,3,cross_entropy_to_stated_confidence,-4.0787530219808765,
finetuned,SimpleMC,4,cross_entropy_to_stated_confidence,-4.103820770536741,
finetuned,SimpleMC,5,cross_entropy_to_stated_confidence,-4.092606286089762,
finetuned,SimpleMC,6,cross_entropy_to_stated_confidence,-4.094176810732062,
finetuned,SimpleMC,7,cross_entropy_to_stated_confidence,-4.127581370456412,
finetuned,SimpleMC,8,cross_entropy_to_stated_confidence,-4.140220927532231,
finetuned,SimpleMC,9,cross_entropy_to_stated_confidence,-4.152474338568651,
finetuned,SimpleMC,10,cross_entropy_to_stated_confidence,-4.197941306184198,
finetuned,SimpleMC,11,cross_entropy_to_stated_confidence,-4.225115356411967,
finetuned,SimpleMC,12,cross_entropy_to_stated_confidence,-4.666022206756452,
finetuned,SimpleMC,13,cross_entropy_to_stated_confidence,-5.23834364834752,
finetuned,SimpleMC,14,cross_entropy_to_stated_confidence,-5.601172116524954,
finetuned,SimpleMC,15,cross_entropy_to_stated_confidence,-5.635666650703595,
finetuned,SimpleMC,16,cross_entropy_to_stated_confidence,-5.760233700488753,
finetuned,SimpleMC,17,cross_entropy_to_stated_confidence,-5.890852045793609,
finetuned,SimpleMC,18,cross_entropy_to_stated_confidence,-5.93316775723506,
finetuned,SimpleMC,19,cross_entropy_to_stated_confidence,-5.932690525632831,
finetuned,SimpleMC,20,cross_entropy_to_stated_confidence,-5.95629749972767,
finetuned,SimpleMC,21,cross_entropy_to_stated_confidence,-5.943560889226397,
finetuned,SimpleMC,22,cross_entropy_to_stated_confidence,-5.938457742885791,
finetuned,SimpleMC,23,cross_entropy_to_stated_confidence,-5.92718349166531,
finetuned,SimpleMC,24,cross_entropy_to_stated_confidence,-5.934054858729915,
finetuned,SimpleMC,25,cross_entropy_to_stated_confidence,-5.914039970848717,
finetuned,SimpleMC,26,cross_entropy_to_stated_confidence,-5.918040480195516,
finetuned,SimpleMC,27,cross_entropy_to_stated_confidence,-5.920355990314191,
finetuned,SimpleMC,28,cross_entropy_to_stated_confidence,-5.914479444974619,
finetuned,SimpleMC,29,cross_entropy_to_stated_confidence,-5.917097602650332,
finetuned,SimpleMC,30,cross_entropy_to_stated_confidence,-5.920558168824292,
finetuned,SimpleMC,31,cross_entropy_to_stated_confidence,-5.907127205881462,
finetuned,SimpleMC,0,cross_entropy_to_is_correct,0.522,
finetuned,SimpleMC,1,cross_entropy_to_is_correct,0.526,
finetuned,SimpleMC,2,cross_entropy_to_is_correct,0.53,
finetuned,SimpleMC,3,cross_entropy_to_is_correct,0.542,
finetuned,SimpleMC,4,cross_entropy_to_is_correct,0.53,
finetuned,SimpleMC,5,cross_entropy_to_is_correct,0.514,
finetuned,SimpleMC,6,cross_entropy_to_is_correct,0.526,
finetuned,SimpleMC,7,cross_entropy_to_is_correct,0.526,
finetuned,SimpleMC,8,cross_entropy_to_is_correct,0.526,
finetuned,SimpleMC,9,cross_entropy_to_is_correct,0.538,
finetuned,SimpleMC,10,cross_entropy_to_is_correct,0.522,
finetuned,SimpleMC,11,cross_entropy_to_is_correct,0.518,
finetuned,SimpleMC,12,cross_entropy_to_is_correct,0.514,
finetuned,SimpleMC,13,cross_entropy_to_is_correct,0.514,
finetuned,SimpleMC,14,cross_entropy_to_is_correct,0.514,
finetuned,SimpleMC,15,cross_entropy_to_is_correct,0.518,
finetuned,SimpleMC,16,cross_entropy_to_is_correct,0.506,
finetuned,SimpleMC,17,cross_entropy_to_is_correct,0.514,
finetuned,SimpleMC,18,cross_entropy_to_is_correct,0.51,
finetuned,SimpleMC,19,cross_entropy_to_is_correct,0.514,
finetuned,SimpleMC,20,cross_entropy_to_is_correct,0.514,
finetuned,SimpleMC,21,cross_entropy_to_is_correct,0.518,
finetuned,SimpleMC,22,cross_entropy_to_is_correct,0.522,
finetuned,SimpleMC,23,cross_entropy_to_is_correct,0.514,
finetuned,SimpleMC,24,cross_entropy_to_is_correct,0.514,
finetuned,SimpleMC,25,cross_entropy_to_is_correct,0.53,
finetuned,SimpleMC,26,cross_entropy_to_is_correct,0.522,
finetuned,SimpleMC,27,cross_entropy_to_is_correct,0.518,
finetuned,SimpleMC,28,cross_entropy_to_is_correct,0.522,
finetuned,SimpleMC,29,cross_entropy_to_is_correct,0.514,
finetuned,SimpleMC,30,cross_entropy_to_is_correct,0.506,
finetuned,SimpleMC,31,cross_entropy_to_is_correct,0.51,
finetuned,SimpleMC,0,cross_stated_confidence_to_margin_logit,-0.240864624757553,
finetuned,SimpleMC,1,cross_stated_confidence_to_margin_logit,-0.2426661366632621,
finetuned,SimpleMC,2,cross_stated_confidence_to_margin_logit,-0.24071898607066,
finetuned,SimpleMC,3,cross_stated_confidence_to_margin_logit,-0.23764229439252427,
finetuned,SimpleMC,4,cross_stated_confidence_to_margin_logit,-0.23571958654150071,
finetuned,SimpleMC,5,cross_stated_confidence_to_margin_logit,-0.23433380629126233,
finetuned,SimpleMC,6,cross_stated_confidence_to_margin_logit,-0.23544243869364267,
finetuned,SimpleMC,7,cross_stated_confidence_to_margin_logit,-0.22969919718755683,
finetuned,SimpleMC,8,cross_stated_confidence_to_margin_logit,-0.22457141386888835,
finetuned,SimpleMC,9,cross_stated_confidence_to_margin_logit,-0.2211552835219135,
finetuned,SimpleMC,10,cross_stated_confidence_to_margin_logit,-0.21157020583053754,
finetuned,SimpleMC,11,cross_stated_confidence_to_margin_logit,-0.2070159194873289,
finetuned,SimpleMC,12,cross_stated_confidence_to_margin_logit,-0.17179000205254402,
finetuned,SimpleMC,13,cross_stated_confidence_to_margin_logit,-0.14051950644765565,
finetuned,SimpleMC,14,cross_stated_confidence_to_margin_logit,-0.12531547502513996,
finetuned,SimpleMC,15,cross_stated_confidence_to_margin_logit,-0.12562633976909776,
finetuned,SimpleMC,16,cross_stated_confidence_to_margin_logit,-0.12587008410949396,
finetuned,SimpleMC,17,cross_stated_confidence_to_margin_logit,-0.11787155330359766,
finetuned,SimpleMC,18,cross_stated_confidence_to_margin_logit,-0.11947242535454627,
finetuned,SimpleMC,19,cross_stated_confidence_to_margin_logit,-0.11893550629783367,
finetuned,SimpleMC,20,cross_stated_confidence_to_margin_logit,-0.11873153451801399,
finetuned,SimpleMC,21,cross_stated_confidence_to_margin_logit,-0.11746174552010857,
finetuned,SimpleMC,22,cross_stated_confidence_to_margin_logit,-0.11612979662439726,
finetuned,SimpleMC,23,cross_stated_confidence_to_margin_logit,-0.11553259481818623,
finetuned,SimpleMC,24,cross_stated_confidence_to_margin_logit,-0.11295449344239983,
finetuned,SimpleMC,25,cross_stated_confidence_to_margin_logit,-0.11456219243130361,
finetuned,SimpleMC,26,cross_stated_confidence_to_margin_logit,-0.114561653335576,
finetuned,SimpleMC,27,cross_stated_confidence_to_margin_logit,-0.11348936595722026,
finetuned,SimpleMC,28,cross_stated_confidence_to_margin_logit,-0.11379514948297231,
finetuned,SimpleMC,29,cross_stated_confidence_to_margin_logit,-0.11537442311059887,
finetuned,SimpleMC,30,cross_stated_confidence_to_margin_logit,-0.11746664209323532,
finetuned,SimpleMC,31,cross_stated_confidence_to_margin_logit,-0.12041489411761086,
finetuned,SimpleMC,0,cross_stated_confidence_to_entropy,-2.8500183457712063,
finetuned,SimpleMC,1,cross_stated_confidence_to_entropy,-2.8724788883781844,
finetuned,SimpleMC,2,cross_stated_confidence_to_entropy,-2.8857880283637516,
finetuned,SimpleMC,3,cross_stated_confidence_to_entropy,-2.905471111256691,
finetuned,SimpleMC,4,cross_stated_confidence_to_entropy,-2.9511902569881565,
finetuned,SimpleMC,5,cross_stated_confidence_to_entropy,-2.9152073547401045,
finetuned,SimpleMC,6,cross_stated_confidence_to_entropy,-2.931414458556214,
finetuned,SimpleMC,7,cross_stated_confidence_to_entropy,-2.937103326108901,
finetuned,SimpleMC,8,cross_stated_confidence_to_entropy,-2.953320943992435,
finetuned,SimpleMC,9,cross_stated_confidence_to_entropy,-3.019051351836892,
finetuned,SimpleMC,10,cross_stated_confidence_to_entropy,-3.089414976309082,
finetuned,SimpleMC,11,cross_stated_confidence_to_entropy,-3.1015486199897078,
finetuned,SimpleMC,12,cross_stated_confidence_to_entropy,-3.2688275525907606,
finetuned,SimpleMC,13,cross_stated_confidence_to_entropy,-3.498714753551446,
finetuned,SimpleMC,14,cross_stated_confidence_to_entropy,-3.620006268074447,
finetuned,SimpleMC,15,cross_stated_confidence_to_entropy,-3.6122009527073766,
finetuned,SimpleMC,16,cross_stated_confidence_to_entropy,-3.6456127408785086,
finetuned,SimpleMC,17,cross_stated_confidence_to_entropy,-3.7005739062048892,
finetuned,SimpleMC,18,cross_stated_confidence_to_entropy,-3.7061093892158157,
finetuned,SimpleMC,19,cross_stated_confidence_to_entropy,-3.7042928301150235,
finetuned,SimpleMC,20,cross_stated_confidence_to_entropy,-3.669772375839,
finetuned,SimpleMC,21,cross_stated_confidence_to_entropy,-3.6711763551503527,
finetuned,SimpleMC,22,cross_stated_confidence_to_entropy,-3.675036350974792,
finetuned,SimpleMC,23,cross_stated_confidence_to_entropy,-3.6822716814665455,
finetuned,SimpleMC,24,cross_stated_confidence_to_entropy,-3.6794269798906623,
finetuned,SimpleMC,25,cross_stated_confidence_to_entropy,-3.6746920927084004,
finetuned,SimpleMC,26,cross_stated_confidence_to_entropy,-3.6777647199124894,
finetuned,SimpleMC,27,cross_stated_confidence_to_entropy,-3.664252556972504,
finetuned,SimpleMC,28,cross_stated_confidence_to_entropy,-3.6584409303564733,
finetuned,SimpleMC,29,cross_stated_confidence_to_entropy,-3.6601628648521363,
finetuned,SimpleMC,30,cross_stated_confidence_to_entropy,-3.6462524587291334,
finetuned,SimpleMC,31,cross_stated_confidence_to_entropy,-3.6232432207358922,
finetuned,SimpleMC,0,cross_stated_confidence_to_is_correct,0.522,
finetuned,SimpleMC,1,cross_stated_confidence_to_is_correct,0.514,
finetuned,SimpleMC,2,cross_stated_confidence_to_is_correct,0.518,
finetuned,SimpleMC,3,cross_stated_confidence_to_is_correct,0.526,
finetuned,SimpleMC,4,cross_stated_confidence_to_is_correct,0.526,
finetuned,SimpleMC,5,cross_stated_confidence_to_is_correct,0.522,
finetuned,SimpleMC,6,cross_stated_confidence_to_is_correct,0.518,
finetuned,SimpleMC,7,cross_stated_confidence_to_is_correct,0.51,
finetuned,SimpleMC,8,cross_stated_confidence_to_is_correct,0.518,
finetuned,SimpleMC,9,cross_stated_confidence_to_is_correct,0.502,
finetuned,SimpleMC,10,cross_stated_confidence_to_is_correct,0.51,
finetuned,SimpleMC,11,cross_stated_confidence_to_is_correct,0.51,
finetuned,SimpleMC,12,cross_stated_confidence_to_is_correct,0.518,
finetuned,SimpleMC,13,cross_stated_confidence_to_is_correct,0.502,
finetuned,SimpleMC,14,cross_stated_confidence_to_is_correct,0.502,
finetuned,SimpleMC,15,cross_stated_confidence_to_is_correct,0.518,
finetuned,SimpleMC,16,cross_stated_confidence_to_is_correct,0.518,
finetuned,SimpleMC,17,cross_stated_confidence_to_is_correct,0.51,
finetuned,SimpleMC,18,cross_stated_confidence_to_is_correct,0.51,
finetuned,SimpleMC,19,cross_stated_confidence_to_is_correct,0.518,
finetuned,SimpleMC,20,cross_stated_confidence_to_is_correct,0.522,
finetuned,SimpleMC,21,cross_stated_confidence_to_is_correct,0.522,
finetuned,SimpleMC,22,cross_stated_confidence_to_is_correct,0.51,
finetuned,SimpleMC,23,cross_stated_confidence_to_is_correct,0.502,
finetuned,SimpleMC,24,cross_stated_confidence_to_is_correct,0.518,
finetuned,SimpleMC,25,cross_stated_confidence_to_is_correct,0.526,
finetuned,SimpleMC,26,cross_stated_confidence_to_is_correct,0.53,
finetuned,SimpleMC,27,cross_stated_confidence_to_is_correct,0.51,
finetuned,SimpleMC,28,cross_stated_confidence_to_is_correct,0.518,
finetuned,SimpleMC,29,cross_stated_confidence_to_is_correct,0.522,
finetuned,SimpleMC,30,cross_stated_confidence_to_is_correct,0.506,
finetuned,SimpleMC,31,cross_stated_confidence_to_is_correct,0.51,
finetuned,SimpleMC,0,cross_is_correct_to_margin_logit,-0.6666857386616696,
finetuned,SimpleMC,1,cross_is_correct_to_margin_logit,-0.5759014112001211,
finetuned,SimpleMC,2,cross_is_correct_to_margin_logit,-0.6169653331568541,
finetuned,SimpleMC,3,cross_is_correct_to_margin_logit,-0.6129633407627657,
finetuned,SimpleMC,4,cross_is_correct_to_margin_logit,-0.5538034531979807,
finetuned,SimpleMC,5,cross_is_correct_to_margin_logit,-0.5784244064050899,
finetuned,SimpleMC,6,cross_is_correct_to_margin_logit,-0.5951718745760031,
finetuned,SimpleMC,7,cross_is_correct_to_margin_logit,-0.6184878302633008,
finetuned,SimpleMC,8,cross_is_correct_to_margin_logit,-0.6094833473766019,
finetuned,SimpleMC,9,cross_is_correct_to_margin_logit,-0.6158343353063509,
finetuned,SimpleMC,10,cross_is_correct_to_margin_logit,-0.6554627599912912,
finetuned,SimpleMC,11,cross_is_correct_to_margin_logit,-0.6582032547828953,
finetuned,SimpleMC,12,cross_is_correct_to_margin_logit,-0.5929968787096507,
finetuned,SimpleMC,13,cross_is_correct_to_margin_logit,-0.6755162218790602,
finetuned,SimpleMC,14,cross_is_correct_to_margin_logit,-0.6761687206389659,
finetuned,SimpleMC,15,cross_is_correct_to_margin_logit,-0.5617204381515035,
finetuned,SimpleMC,16,cross_is_correct_to_margin_logit,-0.5594584424504969,
finetuned,SimpleMC,17,cross_is_correct_to_margin_logit,-0.6124413417548411,
finetuned,SimpleMC,18,cross_is_correct_to_margin_logit,-0.6347132994262896,
finetuned,SimpleMC,19,cross_is_correct_to_margin_logit,-0.6308853067015094,
finetuned,SimpleMC,20,cross_is_correct_to_margin_logit,-0.6010878633324817,
finetuned,SimpleMC,21,cross_is_correct_to_margin_logit,-0.5918223809418204,
finetuned,SimpleMC,22,cross_is_correct_to_margin_logit,-0.5853843931774174,
finetuned,SimpleMC,23,cross_is_correct_to_margin_logit,-0.5746399135976366,
finetuned,SimpleMC,24,cross_is_correct_to_margin_logit,-0.6034368588681422,
finetuned,SimpleMC,25,cross_is_correct_to_margin_logit,-0.5976948697809719,
finetuned,SimpleMC,26,cross_is_correct_to_margin_logit,-0.6365402959540256,
finetuned,SimpleMC,27,cross_is_correct_to_margin_logit,-0.5970858709383933,
finetuned,SimpleMC,28,cross_is_correct_to_margin_logit,-0.5898213847447762,
finetuned,SimpleMC,29,cross_is_correct_to_margin_logit,-0.5874723892091156,
finetuned,SimpleMC,30,cross_is_correct_to_margin_logit,-0.5832528972283921,
finetuned,SimpleMC,31,cross_is_correct_to_margin_logit,-0.522962011813104,
finetuned,SimpleMC,0,cross_is_correct_to_entropy,-7.1452673238198745,
finetuned,SimpleMC,1,cross_is_correct_to_entropy,-6.915995720190055,
finetuned,SimpleMC,2,cross_is_correct_to_entropy,-6.930075086250846,
finetuned,SimpleMC,3,cross_is_correct_to_entropy,-6.963699030672369,
finetuned,SimpleMC,4,cross_is_correct_to_entropy,-6.851087680832348,
finetuned,SimpleMC,5,cross_is_correct_to_entropy,-6.856691450795427,
finetuned,SimpleMC,6,cross_is_correct_to_entropy,-6.921300385752211,
finetuned,SimpleMC,7,cross_is_correct_to_entropy,-6.75223354386311,
finetuned,SimpleMC,8,cross_is_correct_to_entropy,-6.877501328198504,
finetuned,SimpleMC,9,cross_is_correct_to_entropy,-6.621015462942487,
finetuned,SimpleMC,10,cross_is_correct_to_entropy,-6.8328285360883365,
finetuned,SimpleMC,11,cross_is_correct_to_entropy,-6.8230844618049575,
finetuned,SimpleMC,12,cross_is_correct_to_entropy,-6.7915547780471135,
finetuned,SimpleMC,13,cross_is_correct_to_entropy,-6.807442811729781,
finetuned,SimpleMC,14,cross_is_correct_to_entropy,-6.96507665944544,
finetuned,SimpleMC,15,cross_is_correct_to_entropy,-7.078819254451041,
finetuned,SimpleMC,16,cross_is_correct_to_entropy,-7.001684759732324,
finetuned,SimpleMC,17,cross_is_correct_to_entropy,-6.9085080428798005,
finetuned,SimpleMC,18,cross_is_correct_to_entropy,-6.870533175892864,
finetuned,SimpleMC,19,cross_is_correct_to_entropy,-7.067140936384547,
finetuned,SimpleMC,20,cross_is_correct_to_entropy,-7.104233061242278,
finetuned,SimpleMC,21,cross_is_correct_to_entropy,-7.250634730671029,
finetuned,SimpleMC,22,cross_is_correct_to_entropy,-7.150156846249837,
finetuned,SimpleMC,23,cross_is_correct_to_entropy,-7.180557934128203,
finetuned,SimpleMC,24,cross_is_correct_to_entropy,-6.922454944635489,
finetuned,SimpleMC,25,cross_is_correct_to_entropy,-6.927693113116483,
finetuned,SimpleMC,26,cross_is_correct_to_entropy,-6.836644567789745,
finetuned,SimpleMC,27,cross_is_correct_to_entropy,-7.225559767572246,
finetuned,SimpleMC,28,cross_is_correct_to_entropy,-7.15245006829978,
finetuned,SimpleMC,29,cross_is_correct_to_entropy,-7.092794503568021,
finetuned,SimpleMC,30,cross_is_correct_to_entropy,-7.175650131624137,
finetuned,SimpleMC,31,cross_is_correct_to_entropy,-7.045991420503187,
finetuned,SimpleMC,0,cross_is_correct_to_stated_confidence,-2.7095947831104117,
finetuned,SimpleMC,1,cross_is_correct_to_stated_confidence,-2.714408921850762,
finetuned,SimpleMC,2,cross_is_correct_to_stated_confidence,-2.6855240894086667,
finetuned,SimpleMC,3,cross_is_correct_to_stated_confidence,-2.714408921850762,
finetuned,SimpleMC,4,cross_is_correct_to_stated_confidence,-2.716815991220936,
finetuned,SimpleMC,5,cross_is_correct_to_stated_confidence,-2.7577361705139056,
finetuned,SimpleMC,6,cross_is_correct_to_stated_confidence,-2.755329101143731,
finetuned,SimpleMC,7,cross_is_correct_to_stated_confidence,-2.7625503092542543,
finetuned,SimpleMC,8,cross_is_correct_to_stated_confidence,-2.716815991220936,
finetuned,SimpleMC,9,cross_is_correct_to_stated_confidence,-2.8227270435086216,
finetuned,SimpleMC,10,cross_is_correct_to_stated_confidence,-2.834762390359495,
finetuned,SimpleMC,11,cross_is_correct_to_stated_confidence,-2.813098766027922,
finetuned,SimpleMC,12,cross_is_correct_to_stated_confidence,-2.8227270435086207,
finetuned,SimpleMC,13,cross_is_correct_to_stated_confidence,-2.7721785867349533,
finetuned,SimpleMC,14,cross_is_correct_to_stated_confidence,-2.719223060591111,
finetuned,SimpleMC,15,cross_is_correct_to_stated_confidence,-2.6325685632648232,
finetuned,SimpleMC,16,cross_is_correct_to_stated_confidence,-2.6783028812981415,
finetuned,SimpleMC,17,cross_is_correct_to_stated_confidence,-2.553135274049059,
finetuned,SimpleMC,18,cross_is_correct_to_stated_confidence,-2.76014323988408,
finetuned,SimpleMC,19,cross_is_correct_to_stated_confidence,-2.6301614938946494,
finetuned,SimpleMC,20,cross_is_correct_to_stated_confidence,-2.601276661452553,
finetuned,SimpleMC,21,cross_is_correct_to_stated_confidence,-2.577205967750806,
finetuned,SimpleMC,22,cross_is_correct_to_stated_confidence,-2.7023735749998887,
finetuned,SimpleMC,23,cross_is_correct_to_stated_confidence,-2.743293754292857,
finetuned,SimpleMC,24,cross_is_correct_to_stated_confidence,-2.7288513380718094,
finetuned,SimpleMC,25,cross_is_correct_to_stated_confidence,-2.7890280723261753,
finetuned,SimpleMC,26,cross_is_correct_to_stated_confidence,-2.7938422110665244,
finetuned,SimpleMC,27,cross_is_correct_to_stated_confidence,-2.714408921850761,
finetuned,SimpleMC,28,cross_is_correct_to_stated_confidence,-2.685524089408666,
finetuned,SimpleMC,29,cross_is_correct_to_stated_confidence,-2.7095947831104117,
finetuned,SimpleMC,30,cross_is_correct_to_stated_confidence,-2.7673644479946042,
finetuned,SimpleMC,31,cross_is_correct_to_stated_confidence,-2.690338228149015,
finetuned,TriviaMC,0,cross_margin_logit_to_entropy,-122.84286686466255,
finetuned,TriviaMC,1,cross_margin_logit_to_entropy,-124.6944728230617,
finetuned,TriviaMC,2,cross_margin_logit_to_entropy,-125.07161512307924,
finetuned,TriviaMC,3,cross_margin_logit_to_entropy,-125.96125206929662,
finetuned,TriviaMC,4,cross_margin_logit_to_entropy,-127.65945267020308,
finetuned,TriviaMC,5,cross_margin_logit_to_entropy,-127.86862461760194,
finetuned,TriviaMC,6,cross_margin_logit_to_entropy,-128.9298380205131,
finetuned,TriviaMC,7,cross_margin_logit_to_entropy,-136.76165114367708,
finetuned,TriviaMC,8,cross_margin_logit_to_entropy,-135.99296247512294,
finetuned,TriviaMC,9,cross_margin_logit_to_entropy,-139.86666374170915,
finetuned,TriviaMC,10,cross_margin_logit_to_entropy,-146.79709613518187,
finetuned,TriviaMC,11,cross_margin_logit_to_entropy,-150.01075496065164,
finetuned,TriviaMC,12,cross_margin_logit_to_entropy,-162.233495682042,
finetuned,TriviaMC,13,cross_margin_logit_to_entropy,-175.24384780346134,
finetuned,TriviaMC,14,cross_margin_logit_to_entropy,-179.4770463174775,
finetuned,TriviaMC,15,cross_margin_logit_to_entropy,-181.25212288479636,
finetuned,TriviaMC,16,cross_margin_logit_to_entropy,-182.5634924759139,
finetuned,TriviaMC,17,cross_margin_logit_to_entropy,-185.6738799462176,
finetuned,TriviaMC,18,cross_margin_logit_to_entropy,-186.89499555529832,
finetuned,TriviaMC,19,cross_margin_logit_to_entropy,-187.15707940720247,
finetuned,TriviaMC,20,cross_margin_logit_to_entropy,-188.31353212853026,
finetuned,TriviaMC,21,cross_margin_logit_to_entropy,-188.9972546601492,
finetuned,TriviaMC,22,cross_margin_logit_to_entropy,-188.66977092948034,
finetuned,TriviaMC,23,cross_margin_logit_to_entropy,-188.66660212638376,
finetuned,TriviaMC,24,cross_margin_logit_to_entropy,-189.39264935818994,
finetuned,TriviaMC,25,cross_margin_logit_to_entropy,-189.39946781055113,
finetuned,TriviaMC,26,cross_margin_logit_to_entropy,-189.1581354673536,
finetuned,TriviaMC,27,cross_margin_logit_to_entropy,-189.04323347770253,
finetuned,TriviaMC,28,cross_margin_logit_to_entropy,-189.00312832269165,
finetuned,TriviaMC,29,cross_margin_logit_to_entropy,-188.65029310882906,
finetuned,TriviaMC,30,cross_margin_logit_to_entropy,-188.77204349442553,
finetuned,TriviaMC,31,cross_margin_logit_to_entropy,-188.546610970902,
finetuned,TriviaMC,0,cross_margin_logit_to_stated_confidence,-305.0672546560431,
finetuned,TriviaMC,1,cross_margin_logit_to_stated_confidence,-309.68013609757753,
finetuned,TriviaMC,2,cross_margin_logit_to_stated_confidence,-310.41440121596474,
finetuned,TriviaMC,3,cross_margin_logit_to_stated_confidence,-311.93666912490784,
finetuned,TriviaMC,4,cross_margin_logit_to_stated_confidence,-315.9019009937955,
finetuned,TriviaMC,5,cross_margin_logit_to_stated_confidence,-316.1007181652979,
finetuned,TriviaMC,6,cross_margin_logit_to_stated_confidence,-318.82347792150483,
finetuned,TriviaMC,7,cross_margin_logit_to_stated_confidence,-337.99710284367836,
finetuned,TriviaMC,8,cross_margin_logit_to_stated_confidence,-334.64047553950223,
finetuned,TriviaMC,9,cross_margin_logit_to_stated_confidence,-343.97690831455265,
finetuned,TriviaMC,10,cross_margin_logit_to_stated_confidence,-359.5390037027966,
finetuned,TriviaMC,11,cross_margin_logit_to_stated_confidence,-366.6400232022213,
finetuned,TriviaMC,12,cross_margin_logit_to_stated_confidence,-394.97583411235775,
finetuned,TriviaMC,13,cross_margin_logit_to_stated_confidence,-425.53193211695054,
finetuned,TriviaMC,14,cross_margin_logit_to_stated_confidence,-433.9869604001575,
finetuned,TriviaMC,15,cross_margin_logit_to_stated_confidence,-438.7171998623076,
finetuned,TriviaMC,16,cross_margin_logit_to_stated_confidence,-442.3803247466699,
finetuned,TriviaMC,17,cross_margin_logit_to_stated_confidence,-450.34276342324,
finetuned,TriviaMC,18,cross_margin_logit_to_stated_confidence,-453.5061657271944,
finetuned,TriviaMC,19,cross_margin_logit_to_stated_confidence,-454.27218818946267,
finetuned,TriviaMC,20,cross_margin_logit_to_stated_confidence,-457.4668094142258,
finetuned,TriviaMC,21,cross_margin_logit_to_stated_confidence,-459.21733654264835,
finetuned,TriviaMC,22,cross_margin_logit_to_stated_confidence,-458.2283722304303,
finetuned,TriviaMC,23,cross_margin_logit_to_stated_confidence,-458.29248627524765,
finetuned,TriviaMC,24,cross_margin_logit_to_stated_confidence,-460.306727960061,
finetuned,TriviaMC,25,cross_margin_logit_to_stated_confidence,-460.417658275311,
finetuned,TriviaMC,26,cross_margin_logit_to_stated_confidence,-459.7042376396792,
finetuned,TriviaMC,27,cross_margin_logit_to_stated_confidence,-459.4282139858659,
finetuned,TriviaMC,28,cross_margin_logit_to_stated_confidence,-459.236066467984,
finetuned,TriviaMC,29,cross_margin_logit_to_stated_confidence,-458.33663065924117,
finetuned,TriviaMC,30,cross_margin_logit_to_stated_confidence,-458.5421338813882,
finetuned,TriviaMC,31,cross_margin_logit_to_stated_confidence,-458.2086789457435,
finetuned,TriviaMC,0,cross_margin_logit_to_is_correct,0.59625,
finetuned,TriviaMC,1,cross_margin_logit_to_is_correct,0.59875,
finetuned,TriviaMC,2,cross_margin_logit_to_is_correct,0.58375,
finetuned,TriviaMC,3,cross_margin_logit_to_is_correct,0.59875,
finetuned,TriviaMC,4,cross_margin_logit_to_is_correct,0.59125,
finetuned,TriviaMC,5,cross_margin_logit_to_is_correct,0.59875,
finetuned,TriviaMC,6,cross_margin_logit_to_is_correct,0.59625,
finetuned,TriviaMC,7,cross_margin_logit_to_is_correct,0.61125,
finetuned,TriviaMC,8,cross_margin_logit_to_is_correct,0.63125,
finetuned,TriviaMC,9,cross_margin_logit_to_is_correct,0.62875,
finetuned,TriviaMC,10,cross_margin_logit_to_is_correct,0.65625,
finetuned,TriviaMC,11,cross_margin_logit_to_is_correct,0.66375,
finetuned,TriviaMC,12,cross_margin_logit_to_is_correct,0.68875,
finetuned,TriviaMC,13,cross_margin_logit_to_is_correct,0.72875,
finetuned,TriviaMC,14,cross_margin_logit_to_is_correct,0.71625,
finetuned,TriviaMC,15,cross_margin_logit_to_is_correct,0.71875,
finetuned,TriviaMC,16,cross_margin_logit_to_is_correct,0.71375,
finetuned,TriviaMC,17,cross_margin_logit_to_is_correct,0.70875,
finetuned,TriviaMC,18,cross_margin_logit_to_is_correct,0.71125,
finetuned,TriviaMC,19,cross_margin_logit_to_is_correct,0.71125,
finetuned,TriviaMC,20,cross_margin_logit_to_is_correct,0.71375,
finetuned,TriviaMC,21,cross_margin_logit_to_is_correct,0.70625,
finetuned,TriviaMC,22,cross_margin_logit_to_is_correct,0.70875,
finetuned,TriviaMC,23,cross_margin_logit_to_is_correct,0.71375,
finetuned,TriviaMC,24,cross_margin_logit_to_is_correct,0.71125,
finetuned,TriviaMC,25,cross_margin_logit_to_is_correct,0.71125,
finetuned,TriviaMC,26,cross_margin_logit_to_is_correct,0.71125,
finetuned,TriviaMC,27,cross_margin_logit_to_is_correct,0.71125,
finetuned,TriviaMC,28,cross_margin_logit_to_is_correct,0.71125,
finetuned,TriviaMC,29,cross_margin_logit_to_is_correct,0.71125,
finetuned,TriviaMC,30,cross_margin_logit_to_is_correct,0.70875,
finetuned,TriviaMC,31,cross_margin_logit_to_is_correct,0.71125,
finetuned,TriviaMC,0,cross_entropy_to_margin_logit,-1.7761981388888208,
finetuned,TriviaMC,1,cross_entropy_to_margin_logit,-1.7806768217878353,
finetuned,TriviaMC,2,cross_entropy_to_margin_logit,-1.7825074925569244,
finetuned,TriviaMC,3,cross_entropy_to_margin_logit,-1.7871637166057703,
finetuned,TriviaMC,4,cross_entropy_to_margin_logit,-1.7913658399038446,
finetuned,TriviaMC,5,cross_entropy_to_margin_logit,-1.7923303362631549,
finetuned,TriviaMC,6,cross_entropy_to_margin_logit,-1.7946337580400318,
finetuned,TriviaMC,7,cross_entropy_to_margin_logit,-1.8026517407396798,
finetuned,TriviaMC,8,cross_entropy_to_margin_logit,-1.8114618626072478,
finetuned,TriviaMC,9,cross_entropy_to_margin_logit,-1.8184016002156498,
finetuned,TriviaMC,10,cross_entropy_to_margin_logit,-1.8372989783231346,
finetuned,TriviaMC,11,cross_entropy_to_margin_logit,-1.853375949776399,
finetuned,TriviaMC,12,cross_entropy_to_margin_logit,-1.894586097191747,
finetuned,TriviaMC,13,cross_entropy_to_margin_logit,-1.92866221583485,
finetuned,TriviaMC,14,cross_entropy_to_margin_logit,-1.9488472897132163,
finetuned,TriviaMC,15,cross_entropy_to_margin_logit,-1.953713881754776,
finetuned,TriviaMC,16,cross_entropy_to_margin_logit,-1.9558870362804228,
finetuned,TriviaMC,17,cross_entropy_to_margin_logit,-1.9632199481316475,
finetuned,TriviaMC,18,cross_entropy_to_margin_logit,-1.9662997333164927,
finetuned,TriviaMC,19,cross_entropy_to_margin_logit,-1.968613202960308,
finetuned,TriviaMC,20,cross_entropy_to_margin_logit,-1.9690670354269586,
finetuned,TriviaMC,21,cross_entropy_to_margin_logit,-1.9695735827880543,
finetuned,TriviaMC,22,cross_entropy_to_margin_logit,-1.9700569396543202,
finetuned,TriviaMC,23,cross_entropy_to_margin_logit,-1.969777715292544,
finetuned,TriviaMC,24,cross_entropy_to_margin_logit,-1.9699975574717317,
finetuned,TriviaMC,25,cross_entropy_to_margin_logit,-1.9700067231869287,
finetuned,TriviaMC,26,cross_entropy_to_margin_logit,-1.970079373851707,
finetuned,TriviaMC,27,cross_entropy_to_margin_logit,-1.9704064611834817,
finetuned,TriviaMC,28,cross_entropy_to_margin_logit,-1.970717441233484,
finetuned,TriviaMC,29,cross_entropy_to_margin_logit,-1.970878255498672,
finetuned,TriviaMC,30,cross_entropy_to_margin_logit,-1.9711150271208586,
finetuned,TriviaMC,31,cross_entropy_to_margin_logit,-1.970288847150171,
finetuned,TriviaMC,0,cross_entropy_to_stated_confidence,-3.7859881367652166,
finetuned,TriviaMC,1,cross_entropy_to_stated_confidence,-3.8535421331989266,
finetuned,TriviaMC,2,cross_entropy_to_stated_confidence,-3.882708480159165,
finetuned,TriviaMC,3,cross_entropy_to_stated_confidence,-3.9817433356183596,
finetuned,TriviaMC,4,cross_entropy_to_stated_confidence,-4.035802097140763,
finetuned,TriviaMC,5,cross_entropy_to_stated_confidence,-4.08365212540089,
finetuned,TriviaMC,6,cross_entropy_to_stated_confidence,-4.15057866913592,
finetuned,TriviaMC,7,cross_entropy_to_stated_confidence,-4.297162341224708,
finetuned,TriviaMC,8,cross_entropy_to_stated_confidence,-4.468090912746426,
finetuned,TriviaMC,9,cross_entropy_to_stated_confidence,-4.592317322369942,
finetuned,TriviaMC,10,cross_entropy_to_stated_confidence,-5.002449683578732,
finetuned,TriviaMC,11,cross_entropy_to_stated_confidence,-5.427944402972616,
finetuned,TriviaMC,12,cross_entropy_to_stated_confidence,-6.406250621198269,
finetuned,TriviaMC,13,cross_entropy_to_stated_confidence,-7.218813986200374,
finetuned,TriviaMC,14,cross_entropy_to_stated_confidence,-7.6946644449424255,
finetuned,TriviaMC,15,cross_entropy_to_stated_confidence,-7.851570514644594,
finetuned,TriviaMC,16,cross_entropy_to_stated_confidence,-7.932232990879079,
finetuned,TriviaMC,17,cross_entropy_to_stated_confidence,-8.030437654453285,
finetuned,TriviaMC,18,cross_entropy_to_stated_confidence,-8.10003280497368,
finetuned,TriviaMC,19,cross_entropy_to_stated_confidence,-8.270426667589573,
finetuned,TriviaMC,20,cross_entropy_to_stated_confidence,-8.257190992408159,
finetuned,TriviaMC,21,cross_entropy_to_stated_confidence,-8.263774143367858,
finetuned,TriviaMC,22,cross_entropy_to_stated_confidence,-8.286235670061611,
finetuned,TriviaMC,23,cross_entropy_to_stated_confidence,-8.299601584319602,
finetuned,TriviaMC,24,cross_entropy_to_stated_confidence,-8.28790832546146,
finetuned,TriviaMC,25,cross_entropy_to_stated_confidence,-8.28682376852165,
finetuned,TriviaMC,26,cross_entropy_to_stated_confidence,-8.293172058976358,
finetuned,TriviaMC,27,cross_entropy_to_stated_confidence,-8.303020382386846,
finetuned,TriviaMC,28,cross_entropy_to_stated_confidence,-8.325227971694165,
finetuned,TriviaMC,29,cross_entropy_to_stated_confidence,-8.335163655919809,
finetuned,TriviaMC,30,cross_entropy_to_stated_confidence,-8.374627876343482,
finetuned,TriviaMC,31,cross_entropy_to_stated_confidence,-8.335090279697337,
finetuned,TriviaMC,0,cross_entropy_to_is_correct,0.59125,
finetuned,TriviaMC,1,cross_entropy_to_is_correct,0.59625,
finetuned,TriviaMC,2,cross_entropy_to_is_correct,0.58875,
finetuned,TriviaMC,3,cross_entropy_to_is_correct,0.59125,
finetuned,TriviaMC,4,cross_entropy_to_is_correct,0.58625,
finetuned,TriviaMC,5,cross_entropy_to_is_correct,0.58875,
finetuned,TriviaMC,6,cross_entropy_to_is_correct,0.59375,
finetuned,TriviaMC,7,cross_entropy_to_is_correct,0.59625,
finetuned,TriviaMC,8,cross_entropy_to_is_correct,0.61875,
finetuned,TriviaMC,9,cross_entropy_to_is_correct,0.63375,
finetuned,TriviaMC,10,cross_entropy_to_is_correct,0.65875,
finetuned,TriviaMC,11,cross_entropy_to_is_correct,0.66875,
finetuned,TriviaMC,12,cross_entropy_to_is_correct,0.69875,
finetuned,TriviaMC,13,cross_entropy_to_is_correct,0.71125,
finetuned,TriviaMC,14,cross_entropy_to_is_correct,0.70625,
finetuned,TriviaMC,15,cross_entropy_to_is_correct,0.72125,
finetuned,TriviaMC,16,cross_entropy_to_is_correct,0.70625,
finetuned,TriviaMC,17,cross_entropy_to_is_correct,0.71625,
finetuned,TriviaMC,18,cross_entropy_to_is_correct,0.71375,
finetuned,TriviaMC,19,cross_entropy_to_is_correct,0.71625,
finetuned,TriviaMC,20,cross_entropy_to_is_correct,0.71625,
finetuned,TriviaMC,21,cross_entropy_to_is_correct,0.71625,
finetuned,TriviaMC,22,cross_entropy_to_is_correct,0.71625,
finetuned,TriviaMC,23,cross_entropy_to_is_correct,0.71875,
finetuned,TriviaMC,24,cross_entropy_to_is_correct,0.71625,
finetuned,TriviaMC,25,cross_entropy_to_is_correct,0.71625,
finetuned,TriviaMC,26,cross_entropy_to_is_correct,0.71625,
finetuned,TriviaMC,27,cross_entropy_to_is_correct,0.71125,
finetuned,TriviaMC,28,cross_entropy_to_is_correct,0.71125,
finetuned,TriviaMC,29,cross_entropy_to_is_correct,0.71125,
finetuned,TriviaMC,30,cross_entropy_to_is_correct,0.71375,
finetuned,TriviaMC,31,cross_entropy_to_is_correct,0.71125,
finetuned,TriviaMC,0,cross_stated_confidence_to_margin_logit,-1.4156646950211638,
finetuned,TriviaMC,1,cross_stated_confidence_to_margin_logit,-1.414373103983789,
finetuned,TriviaMC,2,cross_stated_confidence_to_margin_logit,-1.4134976340924372,
finetuned,TriviaMC,3,cross_stated_confidence_to_margin_logit,-1.4110882595513323,
finetuned,TriviaMC,4,cross_stated_confidence_to_margin_logit,-1.410426673067231,
finetuned,TriviaMC,5,cross_stated_confidence_to_margin_logit,-1.4094959059741785,
finetuned,TriviaMC,6,cross_stated_confidence_to_margin_logit,-1.4095161294978076,
finetuned,TriviaMC,7,cross_stated_confidence_to_margin_logit,-1.4067645978793606,
finetuned,TriviaMC,8,cross_stated_confidence_to_margin_logit,-1.4015634774053476,
finetuned,TriviaMC,9,cross_stated_confidence_to_margin_logit,-1.398809225895309,
finetuned,TriviaMC,10,cross_stated_confidence_to_margin_logit,-1.3899205200397602,
finetuned,TriviaMC,11,cross_stated_confidence_to_margin_logit,-1.3856960221604857,
finetuned,TriviaMC,12,cross_stated_confidence_to_margin_logit,-1.3706276475025834,
finetuned,TriviaMC,13,cross_stated_confidence_to_margin_logit,-1.3605843888583204,
finetuned,TriviaMC,14,cross_stated_confidence_to_margin_logit,-1.3543384658631248,
finetuned,TriviaMC,15,cross_stated_confidence_to_margin_logit,-1.354040921363767,
finetuned,TriviaMC,16,cross_stated_confidence_to_margin_logit,-1.3536543605752511,
finetuned,TriviaMC,17,cross_stated_confidence_to_margin_logit,-1.353321445023231,
finetuned,TriviaMC,18,cross_stated_confidence_to_margin_logit,-1.353583994167193,
finetuned,TriviaMC,19,cross_stated_confidence_to_margin_logit,-1.3527623051563635,
finetuned,TriviaMC,20,cross_stated_confidence_to_margin_logit,-1.3535085346249547,
finetuned,TriviaMC,21,cross_stated_confidence_to_margin_logit,-1.3529516284545249,
finetuned,TriviaMC,22,cross_stated_confidence_to_margin_logit,-1.3531296886371336,
finetuned,TriviaMC,23,cross_stated_confidence_to_margin_logit,-1.3530451124840082,
finetuned,TriviaMC,24,cross_stated_confidence_to_margin_logit,-1.3526088571567891,
finetuned,TriviaMC,25,cross_stated_confidence_to_margin_logit,-1.352785540004105,
finetuned,TriviaMC,26,cross_stated_confidence_to_margin_logit,-1.352680813498425,
finetuned,TriviaMC,27,cross_stated_confidence_to_margin_logit,-1.3523261968409663,
finetuned,TriviaMC,28,cross_stated_confidence_to_margin_logit,-1.3521139541749592,
finetuned,TriviaMC,29,cross_stated_confidence_to_margin_logit,-1.3521412451466013,
finetuned,TriviaMC,30,cross_stated_confidence_to_margin_logit,-1.3519675682239987,
finetuned,TriviaMC,31,cross_stated_confidence_to_margin_logit,-1.3526771904157098,
finetuned,TriviaMC,0,cross_stated_confidence_to_entropy,-1.1372334186525173,
finetuned,TriviaMC,1,cross_stated_confidence_to_entropy,-1.1472488202535907,
finetuned,TriviaMC,2,cross_stated_confidence_to_entropy,-1.1546070838881355,
finetuned,TriviaMC,3,cross_stated_confidence_to_entropy,-1.1800799565419684,
finetuned,TriviaMC,4,cross_stated_confidence_to_entropy,-1.1862914283543873,
finetuned,TriviaMC,5,cross_stated_confidence_to_entropy,-1.19615553468567,
finetuned,TriviaMC,6,cross_stated_confidence_to_entropy,-1.2050645509800835,
finetuned,TriviaMC,7,cross_stated_confidence_to_entropy,-1.2315913814548716,
finetuned,TriviaMC,8,cross_stated_confidence_to_entropy,-1.2785350390632977,
finetuned,TriviaMC,9,cross_stated_confidence_to_entropy,-1.3037627441428215,
finetuned,TriviaMC,10,cross_stated_confidence_to_entropy,-1.3924393462375604,
finetuned,TriviaMC,11,cross_stated_confidence_to_entropy,-1.4414712687228213,
finetuned,TriviaMC,12,cross_stated_confidence_to_entropy,-1.6121071363379533,
finetuned,TriviaMC,13,cross_stated_confidence_to_entropy,-1.7641563068291441,
finetuned,TriviaMC,14,cross_stated_confidence_to_entropy,-1.8561772459964065,
finetuned,TriviaMC,15,cross_stated_confidence_to_entropy,-1.8689802595782514,
finetuned,TriviaMC,16,cross_stated_confidence_to_entropy,-1.876572157704604,
finetuned,TriviaMC,17,cross_stated_confidence_to_entropy,-1.883729418598877,
finetuned,TriviaMC,18,cross_stated_confidence_to_entropy,-1.88558023514923,
finetuned,TriviaMC,19,cross_stated_confidence_to_entropy,-1.8881093567980942,
finetuned,TriviaMC,20,cross_stated_confidence_to_entropy,-1.8972134216872716,
finetuned,TriviaMC,21,cross_stated_confidence_to_entropy,-1.8927987272554039,
finetuned,TriviaMC,22,cross_stated_confidence_to_entropy,-1.9095939758273772,
finetuned,TriviaMC,23,cross_stated_confidence_to_entropy,-1.9132897579551522,
finetuned,TriviaMC,24,cross_stated_confidence_to_entropy,-1.9124141001807633,
finetuned,TriviaMC,25,cross_stated_confidence_to_entropy,-1.9095445773636568,
finetuned,TriviaMC,26,cross_stated_confidence_to_entropy,-1.9076075442608982,
finetuned,TriviaMC,27,cross_stated_confidence_to_entropy,-1.922294557644073,
finetuned,TriviaMC,28,cross_stated_confidence_to_entropy,-1.9193471766550783,
finetuned,TriviaMC,29,cross_stated_confidence_to_entropy,-1.9150708126054674,
finetuned,TriviaMC,30,cross_stated_confidence_to_entropy,-1.9176320790195107,
finetuned,TriviaMC,31,cross_stated_confidence_to_entropy,-1.8939421375454661,
finetuned,TriviaMC,0,cross_stated_confidence_to_is_correct,0.57875,
finetuned,TriviaMC,1,cross_stated_confidence_to_is_correct,0.58875,
finetuned,TriviaMC,2,cross_stated_confidence_to_is_correct,0.57875,
finetuned,TriviaMC,3,cross_stated_confidence_to_is_correct,0.58625,
finetuned,TriviaMC,4,cross_stated_confidence_to_is_correct,0.57625,
finetuned,TriviaMC,5,cross_stated_confidence_to_is_correct,0.57625,
finetuned,TriviaMC,6,cross_stated_confidence_to_is_correct,0.57625,
finetuned,TriviaMC,7,cross_stated_confidence_to_is_correct,0.59625,
finetuned,TriviaMC,8,cross_stated_confidence_to_is_correct,0.61125,
finetuned,TriviaMC,9,cross_stated_confidence_to_is_correct,0.62125,
finetuned,TriviaMC,10,cross_stated_confidence_to_is_correct,0.64125,
finetuned,TriviaMC,11,cross_stated_confidence_to_is_correct,0.64625,
finetuned,TriviaMC,12,cross_stated_confidence_to_is_correct,0.67375,
finetuned,TriviaMC,13,cross_stated_confidence_to_is_correct,0.69625,
finetuned,TriviaMC,14,cross_stated_confidence_to_is_correct,0.71125,
finetuned,TriviaMC,15,cross_stated_confidence_to_is_correct,0.70375,
finetuned,TriviaMC,16,cross_stated_confidence_to_is_correct,0.70875,
finetuned,TriviaMC,17,cross_stated_confidence_to_is_correct,0.70625,
finetuned,TriviaMC,18,cross_stated_confidence_to_is_correct,0.71625,
finetuned,TriviaMC,19,cross_stated_confidence_to_is_correct,0.72125,
finetuned,TriviaMC,20,cross_stated_confidence_to_is_correct,0.71625,
finetuned,TriviaMC,21,cross_stated_confidence_to_is_correct,0.71375,
finetuned,TriviaMC,22,cross_stated_confidence_to_is_correct,0.70625,
finetuned,TriviaMC,23,cross_stated_confidence_to_is_correct,0.70875,
finetuned,TriviaMC,24,cross_stated_confidence_to_is_correct,0.71125,
finetuned,TriviaMC,25,cross_stated_confidence_to_is_correct,0.71125,
finetuned,TriviaMC,26,cross_stated_confidence_to_is_correct,0.71375,
finetuned,TriviaMC,27,cross_stated_confidence_to_is_correct,0.71125,
finetuned,TriviaMC,28,cross_stated_confidence_to_is_correct,0.70875,
finetuned,TriviaMC,29,cross_stated_confidence_to_is_correct,0.70875,
finetuned,TriviaMC,30,cross_stated_confidence_to_is_correct,0.70875,
finetuned,TriviaMC,31,cross_stated_confidence_to_is_correct,0.70375,
finetuned,TriviaMC,0,cross_is_correct_to_margin_logit,-1.3880394819494466,
finetuned,TriviaMC,1,cross_is_correct_to_margin_logit,-1.3959112533448552,
finetuned,TriviaMC,2,cross_is_correct_to_margin_logit,-1.4028378323001522,
finetuned,TriviaMC,3,cross_is_correct_to_margin_logit,-1.3972072687458672,
finetuned,TriviaMC,4,cross_is_correct_to_margin_logit,-1.40271026031437,
finetuned,TriviaMC,5,cross_is_correct_to_margin_logit,-1.3906315127514706,
finetuned,TriviaMC,6,cross_is_correct_to_margin_logit,-1.3831250611335286,
finetuned,TriviaMC,7,cross_is_correct_to_margin_logit,-1.3839426815878584,
finetuned,TriviaMC,8,cross_is_correct_to_margin_logit,-1.3848762765747171,
finetuned,TriviaMC,9,cross_is_correct_to_margin_logit,-1.375662099965285,
finetuned,TriviaMC,10,cross_is_correct_to_margin_logit,-1.3670046011119923,
finetuned,TriviaMC,11,cross_is_correct_to_margin_logit,-1.3664798163522982,
finetuned,TriviaMC,12,cross_is_correct_to_margin_logit,-1.354351779613074,
finetuned,TriviaMC,13,cross_is_correct_to_margin_logit,-1.3479296898742787,
finetuned,TriviaMC,14,cross_is_correct_to_margin_logit,-1.342609358194509,
finetuned,TriviaMC,15,cross_is_correct_to_margin_logit,-1.3382806087678625,
finetuned,TriviaMC,16,cross_is_correct_to_margin_logit,-1.33934757446713,
finetuned,TriviaMC,17,cross_is_correct_to_margin_logit,-1.3367410468485397,
finetuned,TriviaMC,18,cross_is_correct_to_margin_logit,-1.3332966032324274,
finetuned,TriviaMC,19,cross_is_correct_to_margin_logit,-1.3358596404013188,
finetuned,TriviaMC,20,cross_is_correct_to_margin_logit,-1.3338793752583857,
finetuned,TriviaMC,21,cross_is_correct_to_margin_logit,-1.3330124656277311,
finetuned,TriviaMC,22,cross_is_correct_to_margin_logit,-1.3324905802313505,
finetuned,TriviaMC,23,cross_is_correct_to_margin_logit,-1.3317947330361761,
finetuned,TriviaMC,24,cross_is_correct_to_margin_logit,-1.3332357166028492,
finetuned,TriviaMC,25,cross_is_correct_to_margin_logit,-1.3385763438258116,
finetuned,TriviaMC,26,cross_is_correct_to_margin_logit,-1.3405508102421186,
finetuned,TriviaMC,27,cross_is_correct_to_margin_logit,-1.3326210515804453,
finetuned,TriviaMC,28,cross_is_correct_to_margin_logit,-1.3334183764915828,
finetuned,TriviaMC,29,cross_is_correct_to_margin_logit,-1.3326471458502644,
finetuned,TriviaMC,30,cross_is_correct_to_margin_logit,-1.3374861832200389,
finetuned,TriviaMC,31,cross_is_correct_to_margin_logit,-1.3437720028831124,
finetuned,TriviaMC,0,cross_is_correct_to_entropy,-2.041218057759924,
finetuned,TriviaMC,1,cross_is_correct_to_entropy,-2.069719313719369,
finetuned,TriviaMC,2,cross_is_correct_to_entropy,-1.988173442152716,
finetuned,TriviaMC,3,cross_is_correct_to_entropy,-2.0730625021001527,
finetuned,TriviaMC,4,cross_is_correct_to_entropy,-2.043686045849895,
finetuned,TriviaMC,5,cross_is_correct_to_entropy,-2.0910862740651024,
finetuned,TriviaMC,6,cross_is_correct_to_entropy,-2.1288166191963307,
finetuned,TriviaMC,7,cross_is_correct_to_entropy,-2.1654269707453113,
finetuned,TriviaMC,8,cross_is_correct_to_entropy,-2.223645368969697,
finetuned,TriviaMC,9,cross_is_correct_to_entropy,-2.240358036675439,
finetuned,TriviaMC,10,cross_is_correct_to_entropy,-2.369157112147025,
finetuned,TriviaMC,11,cross_is_correct_to_entropy,-2.435966918129603,
finetuned,TriviaMC,12,cross_is_correct_to_entropy,-2.612927293523674,
finetuned,TriviaMC,13,cross_is_correct_to_entropy,-2.7286188255245447,
finetuned,TriviaMC,14,cross_is_correct_to_entropy,-2.802429433790422,
finetuned,TriviaMC,15,cross_is_correct_to_entropy,-2.830162746497108,
finetuned,TriviaMC,16,cross_is_correct_to_entropy,-2.8171325538230034,
finetuned,TriviaMC,17,cross_is_correct_to_entropy,-2.925607160836665,
finetuned,TriviaMC,18,cross_is_correct_to_entropy,-2.9082714715837823,
finetuned,TriviaMC,19,cross_is_correct_to_entropy,-2.889300118194819,
finetuned,TriviaMC,20,cross_is_correct_to_entropy,-2.963984453362329,
finetuned,TriviaMC,21,cross_is_correct_to_entropy,-2.9702672695392445,
finetuned,TriviaMC,22,cross_is_correct_to_entropy,-2.9921470675456048,
finetuned,TriviaMC,23,cross_is_correct_to_entropy,-2.968162307460482,
finetuned,TriviaMC,24,cross_is_correct_to_entropy,-2.992910189185655,
finetuned,TriviaMC,25,cross_is_correct_to_entropy,-2.963995295228991,
finetuned,TriviaMC,26,cross_is_correct_to_entropy,-2.948876266613933,
finetuned,TriviaMC,27,cross_is_correct_to_entropy,-3.0112134467070817,
finetuned,TriviaMC,28,cross_is_correct_to_entropy,-2.963766522731598,
finetuned,TriviaMC,29,cross_is_correct_to_entropy,-2.9714637014133056,
finetuned,TriviaMC,30,cross_is_correct_to_entropy,-2.8960316418785688,
finetuned,TriviaMC,31,cross_is_correct_to_entropy,-2.85672021776558,
finetuned,TriviaMC,0,cross_is_correct_to_stated_confidence,-1.671999937822191,
finetuned,TriviaMC,1,cross_is_correct_to_stated_confidence,-1.8914510312029735,
finetuned,TriviaMC,2,cross_is_correct_to_stated_confidence,-1.895108549425987,
finetuned,TriviaMC,3,cross_is_correct_to_stated_confidence,-1.7579516160629978,
finetuned,TriviaMC,4,cross_is_correct_to_stated_confidence,-1.9536288409941962,
finetuned,TriviaMC,5,cross_is_correct_to_stated_confidence,-1.8713346809764024,
finetuned,TriviaMC,6,cross_is_correct_to_stated_confidence,-1.6738286969336968,
finetuned,TriviaMC,7,cross_is_correct_to_stated_confidence,-1.810985630296687,
finetuned,TriviaMC,8,cross_is_correct_to_stated_confidence,-1.6591986240416445,
finetuned,TriviaMC,9,cross_is_correct_to_stated_confidence,-1.5695894275778248,
finetuned,TriviaMC,10,cross_is_correct_to_stated_confidence,-1.5769044640238512,
finetuned,TriviaMC,11,cross_is_correct_to_stated_confidence,-1.5092403768981093,
finetuned,TriviaMC,12,cross_is_correct_to_stated_confidence,-1.2916180426288322,
finetuned,TriviaMC,13,cross_is_correct_to_stated_confidence,-1.2824742470712995,
finetuned,TriviaMC,14,cross_is_correct_to_stated_confidence,-1.1855500141614534,
finetuned,TriviaMC,15,cross_is_correct_to_stated_confidence,-1.0301054896833985,
finetuned,TriviaMC,16,cross_is_correct_to_stated_confidence,-0.9789002345612157,
finetuned,TriviaMC,17,cross_is_correct_to_stated_confidence,-1.0465643216869576,
finetuned,TriviaMC,18,cross_is_correct_to_stated_confidence,-1.1672624230463886,
finetuned,TriviaMC,19,cross_is_correct_to_stated_confidence,-1.1910362914959736,
finetuned,TriviaMC,20,cross_is_correct_to_stated_confidence,-1.0813107448055819,
finetuned,TriviaMC,21,cross_is_correct_to_stated_confidence,-1.106913372366673,
finetuned,TriviaMC,22,cross_is_correct_to_stated_confidence,-1.1636049048233756,
finetuned,TriviaMC,23,cross_is_correct_to_stated_confidence,-1.125200963481738,
finetuned,TriviaMC,24,cross_is_correct_to_stated_confidence,-1.2056663643880254,
finetuned,TriviaMC,25,cross_is_correct_to_stated_confidence,-1.41414490309977,
finetuned,TriviaMC,26,cross_is_correct_to_stated_confidence,-1.2568716195102083,
finetuned,TriviaMC,27,cross_is_correct_to_stated_confidence,-1.1581186274888555,
finetuned,TriviaMC,28,cross_is_correct_to_stated_confidence,-1.2861317652943125,
finetuned,TriviaMC,29,cross_is_correct_to_stated_confidence,-1.2129814008340518,
finetuned,TriviaMC,30,cross_is_correct_to_stated_confidence,-1.2202964372800778,
finetuned,TriviaMC,31,cross_is_correct_to_stated_confidence,-1.4763227128909922,
base->instruct,SimpleMC,0,xmodel_margin_logit,0.009113970040259933,
base->instruct,SimpleMC,1,xmodel_margin_logit,-0.0017833137106781916,
base->instruct,SimpleMC,2,xmodel_margin_logit,-0.008051785036870873,
base->instruct,SimpleMC,3,xmodel_margin_logit,-0.0020186607322403294,
base->instruct,SimpleMC,4,xmodel_margin_logit,0.09744473365508555,
base->instruct,SimpleMC,5,xmodel_margin_logit,0.08628499611447871,
base->instruct,SimpleMC,6,xmodel_margin_logit,0.07477478906240742,
base->instruct,SimpleMC,7,xmodel_margin_logit,0.0863292732504306,
base->instruct,SimpleMC,8,xmodel_margin_logit,0.07112841845597351,
base->instruct,SimpleMC,9,xmodel_margin_logit,-0.008820777934240187,
base->instruct,SimpleMC,10,xmodel_margin_logit,-0.003628150820596421,
base->instruct,SimpleMC,11,xmodel_margin_logit,0.039705333967968603,
base->instruct,SimpleMC,12,xmodel_margin_logit,0.16135908020192802,
base->instruct,SimpleMC,13,xmodel_margin_logit,0.33924307557806355,
base->instruct,SimpleMC,14,xmodel_margin_logit,0.4481096573417621,
base->instruct,SimpleMC,15,xmodel_margin_logit,0.46729703749527307,
base->instruct,SimpleMC,16,xmodel_margin_logit,0.4765787305292052,
base->instruct,SimpleMC,17,xmodel_margin_logit,0.4791420473027239,
base->instruct,SimpleMC,18,xmodel_margin_logit,0.5262144701611378,
base->instruct,SimpleMC,19,xmodel_margin_logit,0.5682167400988725,
base->instruct,SimpleMC,20,xmodel_margin_logit,0.5591540387950242,
base->instruct,SimpleMC,21,xmodel_margin_logit,0.569550315817768,
base->instruct,SimpleMC,22,xmodel_margin_logit,0.5928238530080887,
base->instruct,SimpleMC,23,xmodel_margin_logit,0.5965941816190179,
base->instruct,SimpleMC,24,xmodel_margin_logit,0.5826433302032381,
base->instruct,SimpleMC,25,xmodel_margin_logit,0.5724458556707335,
base->instruct,SimpleMC,26,xmodel_margin_logit,0.5870081197413244,
base->instruct,SimpleMC,27,xmodel_margin_logit,0.5775489219550456,
base->instruct,SimpleMC,28,xmodel_margin_logit,0.5581445280515505,
base->instruct,SimpleMC,29,xmodel_margin_logit,0.592769112427278,
base->instruct,SimpleMC,30,xmodel_margin_logit,0.6617832519191111,
base->instruct,SimpleMC,31,xmodel_margin_logit,0.5848007544300967,
base->instruct,SimpleMC,0,xmodel_stated_confidence,-0.006023498754429202,
base->instruct,SimpleMC,1,xmodel_stated_confidence,0.002442828634611316,
base->instruct,SimpleMC,2,xmodel_stated_confidence,0.017545216558599863,
base->instruct,SimpleMC,3,xmodel_stated_confidence,0.01829571566989896,
base->instruct,SimpleMC,4,xmodel_stated_confidence,-0.003376409902538402,
base->instruct,SimpleMC,5,xmodel_stated_confidence,0.005509913931684429,
base->instruct,SimpleMC,6,xmodel_stated_confidence,-0.0011993350898944488,
base->instruct,SimpleMC,7,xmodel_stated_confidence,-0.005405688739276604,
base->instruct,SimpleMC,8,xmodel_stated_confidence,0.028343570391567097,
base->instruct,SimpleMC,9,xmodel_stated_confidence,0.07649566598438684,
base->instruct,SimpleMC,10,xmodel_stated_confidence,0.07364932415580061,
base->instruct,SimpleMC,11,xmodel_stated_confidence,0.06336718413420239,
base->instruct,SimpleMC,12,xmodel_stated_confidence,0.10063746604155577,
base->instruct,SimpleMC,13,xmodel_stated_confidence,0.20958720204226122,
base->instruct,SimpleMC,14,xmodel_stated_confidence,0.1629486008818457,
base->instruct,SimpleMC,15,xmodel_stated_confidence,0.18451328164866387,
base->instruct,SimpleMC,16,xmodel_stated_confidence,0.1514788894455129,
base->instruct,SimpleMC,17,xmodel_stated_confidence,0.2553656901557728,
base->instruct,SimpleMC,18,xmodel_stated_confidence,0.2393161880666269,
base->instruct,SimpleMC,19,xmodel_stated_confidence,0.18113887845491217,
base->instruct,SimpleMC,20,xmodel_stated_confidence,0.13107457903687458,
base->instruct,SimpleMC,21,xmodel_stated_confidence,0.15477898600423234,
base->instruct,SimpleMC,22,xmodel_stated_confidence,0.13107159009993719,
base->instruct,SimpleMC,23,xmodel_stated_confidence,0.1868008010745641,
base->instruct,SimpleMC,24,xmodel_stated_confidence,0.21607073299524093,
base->instruct,SimpleMC,25,xmodel_stated_confidence,0.19334886942465868,
base->instruct,SimpleMC,26,xmodel_stated_confidence,0.23142803412244628,
base->instruct,SimpleMC,27,xmodel_stated_confidence,0.24236813286137848,
base->instruct,SimpleMC,28,xmodel_stated_confidence,0.24764458864423067,
base->instruct,SimpleMC,29,xmodel_stated_confidence,0.25384145908058897,
base->instruct,SimpleMC,30,xmodel_stated_confidence,0.27380198137528167,
base->instruct,SimpleMC,31,xmodel_stated_confidence,0.24048593596357526,
base->instruct,SimpleMC,0,xmodel_entropy,0.016153720895674573,
base->instruct,SimpleMC,1,xmodel_entropy,-0.004690014215772642,
base->instruct,SimpleMC,2,xmodel_entropy,0.002571055665240074,
base->instruct,SimpleMC,3,xmodel_entropy,-0.0005935470884277372,
base->instruct,SimpleMC,4,xmodel_entropy,0.08289391139569025,
base->instruct,SimpleMC,5,xmodel_entropy,0.07029868928760441,
base->instruct,SimpleMC,6,xmodel_entropy,0.023815674491226235,
base->instruct,SimpleMC,7,xmodel_entropy,0.09905853880436877,
base->instruct,SimpleMC,8,xmodel_entropy,0.0737636835050196,
base->instruct,SimpleMC,9,xmodel_entropy,-0.009734619903103425,
base->instruct,SimpleMC,10,xmodel_entropy,0.013076121833241583,
base->instruct,SimpleMC,11,xmodel_entropy,0.006318450975109413,
base->instruct,SimpleMC,12,xmodel_entropy,0.13616830427522286,
base->instruct,SimpleMC,13,xmodel_entropy,0.33814496875177846,
base->instruct,SimpleMC,14,xmodel_entropy,0.4871477797034023,
base->instruct,SimpleMC,15,xmodel_entropy,0.5187953618093707,
base->instruct,SimpleMC,16,xmodel_entropy,0.5069678954146579,
base->instruct,SimpleMC,17,xmodel_entropy,0.5443925629804699,
base->instruct,SimpleMC,18,xmodel_entropy,0.6366048519719987,
base->instruct,SimpleMC,19,xmodel_entropy,0.6753996414059672,
base->instruct,SimpleMC,20,xmodel_entropy,0.6972830912575865,
base->instruct,SimpleMC,21,xmodel_entropy,0.7054960131272686,
base->instruct,SimpleMC,22,xmodel_entropy,0.7574002638141504,
base->instruct,SimpleMC,23,xmodel_entropy,0.7630236947458883,
base->instruct,SimpleMC,24,xmodel_entropy,0.7415715063117376,
base->instruct,SimpleMC,25,xmodel_entropy,0.7478301430594769,
base->instruct,SimpleMC,26,xmodel_entropy,0.7392055666836365,
base->instruct,SimpleMC,27,xmodel_entropy,0.7188544888075045,
base->instruct,SimpleMC,28,xmodel_entropy,0.7073251308557607,
base->instruct,SimpleMC,29,xmodel_entropy,0.7253374361090353,
base->instruct,SimpleMC,30,xmodel_entropy,0.7460792245196817,
base->instruct,SimpleMC,31,xmodel_entropy,0.6441729723585891,
base->finetuned,SimpleMC,0,xmodel_margin_logit,0.010629555540466296,
base->finetuned,SimpleMC,1,xmodel_margin_logit,0.003862295004876115,
base->finetuned,SimpleMC,2,xmodel_margin_logit,0.003977697166120175,
base->finetuned,SimpleMC,3,xmodel_margin_logit,0.008129711041785392,
base->finetuned,SimpleMC,4,xmodel_margin_logit,0.08215168830354325,
base->finetuned,SimpleMC,5,xmodel_margin_logit,0.0923478529697419,
base->finetuned,SimpleMC,6,xmodel_margin_logit,0.06901700491412133,
base->finetuned,SimpleMC,7,xmodel_margin_logit,0.08706159300691763,
base->finetuned,SimpleMC,8,xmodel_margin_logit,0.11354524198832938,
base->finetuned,SimpleMC,9,xmodel_margin_logit,0.016993148358888877,
base->finetuned,SimpleMC,10,xmodel_margin_logit,0.004129660378884292,
base->finetuned,SimpleMC,11,xmodel_margin_logit,0.016066249813729505,
base->finetuned,SimpleMC,12,xmodel_margin_logit,0.20324631043086505,
base->finetuned,SimpleMC,13,xmodel_margin_logit,0.4286170911490599,
base->finetuned,SimpleMC,14,xmodel_margin_logit,0.5347612290837638,
base->finetuned,SimpleMC,15,xmodel_margin_logit,0.5593179824894736,
base->finetuned,SimpleMC,16,xmodel_margin_logit,0.5882230870210478,
base->finetuned,SimpleMC,17,xmodel_margin_logit,0.5672295330433117,
base->finetuned,SimpleMC,18,xmodel_margin_logit,0.5682110019323554,
base->finetuned,SimpleMC,19,xmodel_margin_logit,0.6113938708981241,
base->finetuned,SimpleMC,20,xmodel_margin_logit,0.6019044725112968,
base->finetuned,SimpleMC,21,xmodel_margin_logit,0.6175337968286869,
base->finetuned,SimpleMC,22,xmodel_margin_logit,0.6261431071384642,
base->finetuned,SimpleMC,23,xmodel_margin_logit,0.6212998124671572,
base->finetuned,SimpleMC,24,xmodel_margin_logit,0.5969314720338581,
base->finetuned,SimpleMC,25,xmodel_margin_logit,0.5918502053887161,
base->finetuned,SimpleMC,26,xmodel_margin_logit,0.6155104072033057,
base->finetuned,SimpleMC,27,xmodel_margin_logit,0.6230130677573683,
base->finetuned,SimpleMC,28,xmodel_margin_logit,0.6361484631633998,
base->finetuned,SimpleMC,29,xmodel_margin_logit,0.6666769376743942,
base->finetuned,SimpleMC,30,xmodel_margin_logit,0.699029699421641,
base->finetuned,SimpleMC,31,xmodel_margin_logit,0.688486436153514,
base->finetuned,SimpleMC,0,xmodel_stated_confidence,0.00591680873220235,
base->finetuned,SimpleMC,1,xmodel_stated_confidence,-0.0017725509468238254,
base->finetuned,SimpleMC,2,xmodel_stated_confidence,0.008202377999716792,
base->finetuned,SimpleMC,3,xmodel_stated_confidence,-0.0006802274107440276,
base->finetuned,SimpleMC,4,xmodel_stated_confidence,-0.0013332609479483892,
base->finetuned,SimpleMC,5,xmodel_stated_confidence,0.009607089077943831,
base->finetuned,SimpleMC,6,xmodel_stated_confidence,0.02981031153672309,
base->finetuned,SimpleMC,7,xmodel_stated_confidence,-0.003647302352312254,
base->finetuned,SimpleMC,8,xmodel_stated_confidence,0.006121034331568187,
base->finetuned,SimpleMC,9,xmodel_stated_confidence,0.022844429997506466,
base->finetuned,SimpleMC,10,xmodel_stated_confidence,0.037920377163021435,
base->finetuned,SimpleMC,11,xmodel_stated_confidence,0.04272108900400562,
base->finetuned,SimpleMC,12,xmodel_stated_confidence,0.1422179115000871,
base->finetuned,SimpleMC,13,xmodel_stated_confidence,0.2828772253559615,
base->finetuned,SimpleMC,14,xmodel_stated_confidence,0.3543801236322346,
base->finetuned,SimpleMC,15,xmodel_stated_confidence,0.2993692707415798,
base->finetuned,SimpleMC,16,xmodel_stated_confidence,0.2912801451164123,
base->finetuned,SimpleMC,17,xmodel_stated_confidence,0.2531003879946827,
base->finetuned,SimpleMC,18,xmodel_stated_confidence,0.22429561938989562,
base->finetuned,SimpleMC,19,xmodel_stated_confidence,0.19310864078793522,
base->finetuned,SimpleMC,20,xmodel_stated_confidence,0.13956006133556698,
base->finetuned,SimpleMC,21,xmodel_stated_confidence,0.13779453066601788,
base->finetuned,SimpleMC,22,xmodel_stated_confidence,0.18315282489588913,
base->finetuned,SimpleMC,23,xmodel_stated_confidence,0.17283635482350823,
base->finetuned,SimpleMC,24,xmodel_stated_confidence,0.20481732404754605,
base->finetuned,SimpleMC,25,xmodel_stated_confidence,0.19363078242954468,
base->finetuned,SimpleMC,26,xmodel_stated_confidence,0.18883532426273897,
base->finetuned,SimpleMC,27,xmodel_stated_confidence,0.1928702784696995,
base->finetuned,SimpleMC,28,xmodel_stated_confidence,0.22559153867790915,
base->finetuned,SimpleMC,29,xmodel_stated_confidence,0.24633414305312462,
base->finetuned,SimpleMC,30,xmodel_stated_confidence,0.2556237317443284,
base->finetuned,SimpleMC,31,xmodel_stated_confidence,0.2478461454228884,
base->finetuned,SimpleMC,0,xmodel_entropy,0.019490553803890975,
base->finetuned,SimpleMC,1,xmodel_entropy,0.0003097828315592466,
base->finetuned,SimpleMC,2,xmodel_entropy,0.010825449573333201,
base->finetuned,SimpleMC,3,xmodel_entropy,0.009409340302263702,
base->finetuned,SimpleMC,4,xmodel_entropy,0.10826894883538674,
base->finetuned,SimpleMC,5,xmodel_entropy,0.09812017130938167,
base->finetuned,SimpleMC,6,xmodel_entropy,0.02107944245883131,
base->finetuned,SimpleMC,7,xmodel_entropy,0.13239870885455507,
base->finetuned,SimpleMC,8,xmodel_entropy,0.12917773608350658,
base->finetuned,SimpleMC,9,xmodel_entropy,0.032718242876883186,
base->finetuned,SimpleMC,10,xmodel_entropy,0.022687589464642444,
base->finetuned,SimpleMC,11,xmodel_entropy,0.007717205049599274,
base->finetuned,SimpleMC,12,xmodel_entropy,0.19808777266664013,
base->finetuned,SimpleMC,13,xmodel_entropy,0.4410701698546903,
base->finetuned,SimpleMC,14,xmodel_entropy,0.6114477994421288,
base->finetuned,SimpleMC,15,xmodel_entropy,0.6466896461528931,
base->finetuned,SimpleMC,16,xmodel_entropy,0.6651978317600367,
base->finetuned,SimpleMC,17,xmodel_entropy,0.6703844868092914,
base->finetuned,SimpleMC,18,xmodel_entropy,0.7106439895688601,
base->finetuned,SimpleMC,19,xmodel_entropy,0.750282820879931,
base->finetuned,SimpleMC,20,xmodel_entropy,0.7780249000976649,
base->finetuned,SimpleMC,21,xmodel_entropy,0.794268383822181,
base->finetuned,SimpleMC,22,xmodel_entropy,0.8190937944951383,
base->finetuned,SimpleMC,23,xmodel_entropy,0.8263465252680837,
base->finetuned,SimpleMC,24,xmodel_entropy,0.7949485531589787,
base->finetuned,SimpleMC,25,xmodel_entropy,0.8021456600129646,
base->finetuned,SimpleMC,26,xmodel_entropy,0.7947594821913826,
base->finetuned,SimpleMC,27,xmodel_entropy,0.7912751788188824,
base->finetuned,SimpleMC,28,xmodel_entropy,0.7936645512042888,
base->finetuned,SimpleMC,29,xmodel_entropy,0.8060707295644478,
base->finetuned,SimpleMC,30,xmodel_entropy,0.8125633128469665,
base->finetuned,SimpleMC,31,xmodel_entropy,0.7876623505373253,
instruct->base,SimpleMC,0,xmodel_margin_logit,0.032731154552113506,
instruct->base,SimpleMC,1,xmodel_margin_logit,0.054318755004763686,
instruct->base,SimpleMC,2,xmodel_margin_logit,0.0676756564264529,
instruct->base,SimpleMC,3,xmodel_margin_logit,0.021398379510375043,
instruct->base,SimpleMC,4,xmodel_margin_logit,0.04416319779176259,
instruct->base,SimpleMC,5,xmodel_margin_logit,0.029460604381953415,
instruct->base,SimpleMC,6,xmodel_margin_logit,0.014640519856062517,
instruct->base,SimpleMC,7,xmodel_margin_logit,0.0465690080029727,
instruct->base,SimpleMC,8,xmodel_margin_logit,0.06619629610295341,
instruct->base,SimpleMC,9,xmodel_margin_logit,0.03513210736366168,
instruct->base,SimpleMC,10,xmodel_margin_logit,0.09822869129719214,
instruct->base,SimpleMC,11,xmodel_margin_logit,0.12828660129616276,
instruct->base,SimpleMC,12,xmodel_margin_logit,0.08248641775623944,
instruct->base,SimpleMC,13,xmodel_margin_logit,0.3061868863804774,
instruct->base,SimpleMC,14,xmodel_margin_logit,0.47802929939539085,
instruct->base,SimpleMC,15,xmodel_margin_logit,0.441284455994988,
instruct->base,SimpleMC,16,xmodel_margin_logit,0.450064577367846,
instruct->base,SimpleMC,17,xmodel_margin_logit,0.6575385477132825,
instruct->base,SimpleMC,18,xmodel_margin_logit,0.6470554199150068,
instruct->base,SimpleMC,19,xmodel_margin_logit,0.6196538340749103,
instruct->base,SimpleMC,20,xmodel_margin_logit,0.5860591005665028,
instruct->base,SimpleMC,21,xmodel_margin_logit,0.5752273708012741,
instruct->base,SimpleMC,22,xmodel_margin_logit,0.6372532832364908,
instruct->base,SimpleMC,23,xmodel_margin_logit,0.6466910947069131,
instruct->base,SimpleMC,24,xmodel_margin_logit,0.6080650330582977,
instruct->base,SimpleMC,25,xmodel_margin_logit,0.6249641514749849,
instruct->base,SimpleMC,26,xmodel_margin_logit,0.630409504688483,
instruct->base,SimpleMC,27,xmodel_margin_logit,0.6295402952711666,
instruct->base,SimpleMC,28,xmodel_margin_logit,0.6368635750618006,
instruct->base,SimpleMC,29,xmodel_margin_logit,0.6554009078381002,
instruct->base,SimpleMC,30,xmodel_margin_logit,0.6403992102113254,
instruct->base,SimpleMC,31,xmodel_margin_logit,0.5508131993169345,
instruct->base,SimpleMC,0,xmodel_stated_confidence,0.0018164072411454013,
instruct->base,SimpleMC,1,xmodel_stated_confidence,0.00944022645278908,
instruct->base,SimpleMC,2,xmodel_stated_confidence,0.0301555865781159,
instruct->base,SimpleMC,3,xmodel_stated_confidence,0.03550431672227128,
instruct->base,SimpleMC,4,xmodel_stated_confidence,0.04160008386420899,
instruct->base,SimpleMC,5,xmodel_stated_confidence,0.10692753384790621,
instruct->base,SimpleMC,6,xmodel_stated_confidence,0.08939646443046889,
instruct->base,SimpleMC,7,xmodel_stated_confidence,0.14160737028809733,
instruct->base,SimpleMC,8,xmodel_stated_confidence,0.08345173958881391,
instruct->base,SimpleMC,9,xmodel_stated_confidence,0.14372463565849225,
instruct->base,SimpleMC,10,xmodel_stated_confidence,0.13426021672021216,
instruct->base,SimpleMC,11,xmodel_stated_confidence,0.15189770838415084,
instruct->base,SimpleMC,12,xmodel_stated_confidence,0.08353830168788723,
instruct->base,SimpleMC,13,xmodel_stated_confidence,0.12442297563513549,
instruct->base,SimpleMC,14,xmodel_stated_confidence,0.02972472215077482,
instruct->base,SimpleMC,15,xmodel_stated_confidence,0.08758394828291549,
instruct->base,SimpleMC,16,xmodel_stated_confidence,0.06650220189495404,
instruct->base,SimpleMC,17,xmodel_stated_confidence,0.12521153125626194,
instruct->base,SimpleMC,18,xmodel_stated_confidence,0.16366437102311593,
instruct->base,SimpleMC,19,xmodel_stated_confidence,0.13484003432080205,
instruct->base,SimpleMC,20,xmodel_stated_confidence,0.12943505115386134,
instruct->base,SimpleMC,21,xmodel_stated_confidence,0.13112950034311976,
instruct->base,SimpleMC,22,xmodel_stated_confidence,0.13701585291971197,
instruct->base,SimpleMC,23,xmodel_stated_confidence,0.16556228497881087,
instruct->base,SimpleMC,24,xmodel_stated_confidence,0.17682085481223486,
instruct->base,SimpleMC,25,xmodel_stated_confidence,0.20206809265731362,
instruct->base,SimpleMC,26,xmodel_stated_confidence,0.20863803422741445,
instruct->base,SimpleMC,27,xmodel_stated_confidence,0.20395275059835616,
instruct->base,SimpleMC,28,xmodel_stated_confidence,0.2022295577679688,
instruct->base,SimpleMC,29,xmodel_stated_confidence,0.22297954964779765,
instruct->base,SimpleMC,30,xmodel_stated_confidence,0.21910739503539156,
instruct->base,SimpleMC,31,xmodel_stated_confidence,0.17615817315259197,
instruct->base,SimpleMC,0,xmodel_entropy,0.06586596460320848,
instruct->base,SimpleMC,1,xmodel_entropy,0.09752937758563784,
instruct->base,SimpleMC,2,xmodel_entropy,0.07190900230820763,
instruct->base,SimpleMC,3,xmodel_entropy,0.04010013620344777,
instruct->base,SimpleMC,4,xmodel_entropy,0.07235459089203988,
instruct->base,SimpleMC,5,xmodel_entropy,0.051256210763060306,
instruct->base,SimpleMC,6,xmodel_entropy,-0.0007177543587071344,
instruct->base,SimpleMC,7,xmodel_entropy,0.05935765722567321,
instruct->base,SimpleMC,8,xmodel_entropy,0.09902285733705574,
instruct->base,SimpleMC,9,xmodel_entropy,0.04206977773165166,
instruct->base,SimpleMC,10,xmodel_entropy,0.12871580153043138,
instruct->base,SimpleMC,11,xmodel_entropy,0.17137526820906468,
instruct->base,SimpleMC,12,xmodel_entropy,0.06409892859973343,
instruct->base,SimpleMC,13,xmodel_entropy,0.32139956901579625,
instruct->base,SimpleMC,14,xmodel_entropy,0.6055279661226551,
instruct->base,SimpleMC,15,xmodel_entropy,0.571362677931804,
instruct->base,SimpleMC,16,xmodel_entropy,0.569626118593249,
instruct->base,SimpleMC,17,xmodel_entropy,0.7793473899517445,
instruct->base,SimpleMC,18,xmodel_entropy,0.7665870726537148,
instruct->base,SimpleMC,19,xmodel_entropy,0.7649638148548239,
instruct->base,SimpleMC,20,xmodel_entropy,0.7417490844789975,
instruct->base,SimpleMC,21,xmodel_entropy,0.7351754410414775,
instruct->base,SimpleMC,22,xmodel_entropy,0.8139579823954455,
instruct->base,SimpleMC,23,xmodel_entropy,0.8222156040159696,
instruct->base,SimpleMC,24,xmodel_entropy,0.800836240889603,
instruct->base,SimpleMC,25,xmodel_entropy,0.8064269297197988,
instruct->base,SimpleMC,26,xmodel_entropy,0.802802628941792,
instruct->base,SimpleMC,27,xmodel_entropy,0.809168590074216,
instruct->base,SimpleMC,28,xmodel_entropy,0.8145539639865172,
instruct->base,SimpleMC,29,xmodel_entropy,0.8176712338602952,
instruct->base,SimpleMC,30,xmodel_entropy,0.7921589265540745,
instruct->base,SimpleMC,31,xmodel_entropy,0.7058414101844384,
instruct->finetuned,SimpleMC,0,xmodel_margin_logit,0.12083276907599838,
instruct->finetuned,SimpleMC,1,xmodel_margin_logit,0.18344807751901915,
instruct->finetuned,SimpleMC,2,xmodel_margin_logit,0.20002554104655734,
instruct->finetuned,SimpleMC,3,xmodel_margin_logit,0.20990035342640967,
instruct->finetuned,SimpleMC,4,xmodel_margin_logit,0.2239360926106635,
instruct->finetuned,SimpleMC,5,xmodel_margin_logit,0.22632168835482824,
instruct->finetuned,SimpleMC,6,xmodel_margin_logit,0.22775144493984567,
instruct->finetuned,SimpleMC,7,xmodel_margin_logit,0.24225583859012867,
instruct->finetuned,SimpleMC,8,xmodel_margin_logit,0.2567547118352014,
instruct->finetuned,SimpleMC,9,xmodel_margin_logit,0.2558053323298022,
instruct->finetuned,SimpleMC,10,xmodel_margin_logit,0.24971719339640885,
instruct->finetuned,SimpleMC,11,xmodel_margin_logit,0.26880564582054023,
instruct->finetuned,SimpleMC,12,xmodel_margin_logit,0.434242445654733,
instruct->finetuned,SimpleMC,13,xmodel_margin_logit,0.5288519253631851,
instruct->finetuned,SimpleMC,14,xmodel_margin_logit,0.6787954464432924,
instruct->finetuned,SimpleMC,15,xmodel_margin_logit,0.699706928141604,
instruct->finetuned,SimpleMC,16,xmodel_margin_logit,0.7183179999096869,
instruct->finetuned,SimpleMC,17,xmodel_margin_logit,0.8360873596661226,
instruct->finetuned,SimpleMC,18,xmodel_margin_logit,0.8711240632420967,
instruct->finetuned,SimpleMC,19,xmodel_margin_logit,0.8756540431355307,
instruct->finetuned,SimpleMC,20,xmodel_margin_logit,0.8862192537708855,
instruct->finetuned,SimpleMC,21,xmodel_margin_logit,0.886648303014713,
instruct->finetuned,SimpleMC,22,xmodel_margin_logit,0.8756031492668329,
instruct->finetuned,SimpleMC,23,xmodel_margin_logit,0.8739150418564179,
instruct->finetuned,SimpleMC,24,xmodel_margin_logit,0.8815518430511271,
instruct->finetuned,SimpleMC,25,xmodel_margin_logit,0.8845693443645416,
instruct->finetuned,SimpleMC,26,xmodel_margin_logit,0.8823550369064608,
instruct->finetuned,SimpleMC,27,xmodel_margin_logit,0.8810799828882552,
instruct->finetuned,SimpleMC,28,xmodel_margin_logit,0.8837320852414666,
instruct->finetuned,SimpleMC,29,xmodel_margin_logit,0.8865231469269886,
instruct->finetuned,SimpleMC,30,xmodel_margin_logit,0.8851752007389613,
instruct->finetuned,SimpleMC,31,xmodel_margin_logit,0.8677672397330085,
instruct->finetuned,SimpleMC,0,xmodel_stated_confidence,0.03438950061313417,
instruct->finetuned,SimpleMC,1,xmodel_stated_confidence,0.06314465285948645,
instruct->finetuned,SimpleMC,2,xmodel_stated_confidence,0.07672167653400352,
instruct->finetuned,SimpleMC,3,xmodel_stated_confidence,0.10030854863353122,
instruct->finetuned,SimpleMC,4,xmodel_stated_confidence,0.09803657340809524,
instruct->finetuned,SimpleMC,5,xmodel_stated_confidence,0.13261702302723355,
instruct->finetuned,SimpleMC,6,xmodel_stated_confidence,0.12550000708990572,
instruct->finetuned,SimpleMC,7,xmodel_stated_confidence,0.15356196518357712,
instruct->finetuned,SimpleMC,8,xmodel_stated_confidence,0.15426706721326722,
instruct->finetuned,SimpleMC,9,xmodel_stated_confidence,0.16119485013378143,
instruct->finetuned,SimpleMC,10,xmodel_stated_confidence,0.2041710139201519,
instruct->finetuned,SimpleMC,11,xmodel_stated_confidence,0.20707003704963833,
instruct->finetuned,SimpleMC,12,xmodel_stated_confidence,0.2730801081510158,
instruct->finetuned,SimpleMC,13,xmodel_stated_confidence,0.36612603487510387,
instruct->finetuned,SimpleMC,14,xmodel_stated_confidence,0.3608514347663675,
instruct->finetuned,SimpleMC,15,xmodel_stated_confidence,0.3471911561454264,
instruct->finetuned,SimpleMC,16,xmodel_stated_confidence,0.34965383262775906,
instruct->finetuned,SimpleMC,17,xmodel_stated_confidence,0.32255754472858733,
instruct->finetuned,SimpleMC,18,xmodel_stated_confidence,0.33459908292339424,
instruct->finetuned,SimpleMC,19,xmodel_stated_confidence,0.3302829776430477,
instruct->finetuned,SimpleMC,20,xmodel_stated_confidence,0.3345458376478272,
instruct->finetuned,SimpleMC,21,xmodel_stated_confidence,0.318653268457442,
instruct->finetuned,SimpleMC,22,xmodel_stated_confidence,0.3199396900755678,
instruct->finetuned,SimpleMC,23,xmodel_stated_confidence,0.3156833441145461,
instruct->finetuned,SimpleMC,24,xmodel_stated_confidence,0.3139175846998262,
instruct->finetuned,SimpleMC,25,xmodel_stated_confidence,0.31512570379543325,
instruct->finetuned,SimpleMC,26,xmodel_stated_confidence,0.30271610246567804,
instruct->finetuned,SimpleMC,27,xmodel_stated_confidence,0.3115849218821328,
instruct->finetuned,SimpleMC,28,xmodel_stated_confidence,0.3087961996692614,
instruct->finetuned,SimpleMC,29,xmodel_stated_confidence,0.3099134154083508,
instruct->finetuned,SimpleMC,30,xmodel_stated_confidence,0.2935559018258501,
instruct->finetuned,SimpleMC,31,xmodel_stated_confidence,0.28595377862927285,
instruct->finetuned,SimpleMC,0,xmodel_entropy,0.1518583425266412,
instruct->finetuned,SimpleMC,1,xmodel_entropy,0.2149455236965,
instruct->finetuned,SimpleMC,2,xmodel_entropy,0.23673463362084757,
instruct->finetuned,SimpleMC,3,xmodel_entropy,0.2534993082114656,
instruct->finetuned,SimpleMC,4,xmodel_entropy,0.27678138215741277,
instruct->finetuned,SimpleMC,5,xmodel_entropy,0.28681470644840623,
instruct->finetuned,SimpleMC,6,xmodel_entropy,0.28368883252991084,
instruct->finetuned,SimpleMC,7,xmodel_entropy,0.3024443553348214,
instruct->finetuned,SimpleMC,8,xmodel_entropy,0.32579447348176593,
instruct->finetuned,SimpleMC,9,xmodel_entropy,0.3272072111032849,
instruct->finetuned,SimpleMC,10,xmodel_entropy,0.32197286497606936,
instruct->finetuned,SimpleMC,11,xmodel_entropy,0.3320456613000763,
instruct->finetuned,SimpleMC,12,xmodel_entropy,0.5108430905942465,
instruct->finetuned,SimpleMC,13,xmodel_entropy,0.6774255261074452,
instruct->finetuned,SimpleMC,14,xmodel_entropy,0.8145840096820931,
instruct->finetuned,SimpleMC,15,xmodel_entropy,0.8326578105421434,
instruct->finetuned,SimpleMC,16,xmodel_entropy,0.8509160781253168,
instruct->finetuned,SimpleMC,17,xmodel_entropy,0.9179846636037877,
instruct->finetuned,SimpleMC,18,xmodel_entropy,0.9447772888673018,
instruct->finetuned,SimpleMC,19,xmodel_entropy,0.9556879017758254,
instruct->finetuned,SimpleMC,20,xmodel_entropy,0.9604106365243678,
instruct->finetuned,SimpleMC,21,xmodel_entropy,0.962436098762693,
instruct->finetuned,SimpleMC,22,xmodel_entropy,0.9638871007988109,
instruct->finetuned,SimpleMC,23,xmodel_entropy,0.963427905601652,
instruct->finetuned,SimpleMC,24,xmodel_entropy,0.9663892663556963,
instruct->finetuned,SimpleMC,25,xmodel_entropy,0.9679338995622568,
instruct->finetuned,SimpleMC,26,xmodel_entropy,0.9673115211577826,
instruct->finetuned,SimpleMC,27,xmodel_entropy,0.9671149099939136,
instruct->finetuned,SimpleMC,28,xmodel_entropy,0.9684687459739136,
instruct->finetuned,SimpleMC,29,xmodel_entropy,0.9701886870651582,
instruct->finetuned,SimpleMC,30,xmodel_entropy,0.9697206914482639,
instruct->finetuned,SimpleMC,31,xmodel_entropy,0.9639114186514459,
finetuned->base,SimpleMC,0,xmodel_margin_logit,0.023564251366348876,
finetuned->base,SimpleMC,1,xmodel_margin_logit,0.0627740264260912,
finetuned->base,SimpleMC,2,xmodel_margin_logit,0.09578002315544332,
finetuned->base,SimpleMC,3,xmodel_margin_logit,0.016323408314631083,
finetuned->base,SimpleMC,4,xmodel_margin_logit,0.042137811040766304,
finetuned->base,SimpleMC,5,xmodel_margin_logit,0.05531189978001505,
finetuned->base,SimpleMC,6,xmodel_margin_logit,0.05417075960427986,
finetuned->base,SimpleMC,7,xmodel_margin_logit,0.0869376289470788,
finetuned->base,SimpleMC,8,xmodel_margin_logit,0.10566235292756465,
finetuned->base,SimpleMC,9,xmodel_margin_logit,0.1062376990683821,
finetuned->base,SimpleMC,10,xmodel_margin_logit,0.06722521061948594,
finetuned->base,SimpleMC,11,xmodel_margin_logit,0.11229837842228108,
finetuned->base,SimpleMC,12,xmodel_margin_logit,0.10253455154260582,
finetuned->base,SimpleMC,13,xmodel_margin_logit,0.29807734257569196,
finetuned->base,SimpleMC,14,xmodel_margin_logit,0.45122777217275056,
finetuned->base,SimpleMC,15,xmodel_margin_logit,0.4500855759443355,
finetuned->base,SimpleMC,16,xmodel_margin_logit,0.4611196501057715,
finetuned->base,SimpleMC,17,xmodel_margin_logit,0.6539657820105818,
finetuned->base,SimpleMC,18,xmodel_margin_logit,0.6551610052702815,
finetuned->base,SimpleMC,19,xmodel_margin_logit,0.6293712294760658,
finetuned->base,SimpleMC,20,xmodel_margin_logit,0.5929731984804378,
finetuned->base,SimpleMC,21,xmodel_margin_logit,0.5988078622210722,
finetuned->base,SimpleMC,22,xmodel_margin_logit,0.5982301909562731,
finetuned->base,SimpleMC,23,xmodel_margin_logit,0.5756608619370871,
finetuned->base,SimpleMC,24,xmodel_margin_logit,0.50560452161441,
finetuned->base,SimpleMC,25,xmodel_margin_logit,0.5488816095123887,
finetuned->base,SimpleMC,26,xmodel_margin_logit,0.5567651649656173,
finetuned->base,SimpleMC,27,xmodel_margin_logit,0.5598015263122096,
finetuned->base,SimpleMC,28,xmodel_margin_logit,0.6127989859236787,
finetuned->base,SimpleMC,29,xmodel_margin_logit,0.6379301334589857,
finetuned->base,SimpleMC,30,xmodel_margin_logit,0.62689474378933,
finetuned->base,SimpleMC,31,xmodel_margin_logit,0.5261504357430549,
finetuned->base,SimpleMC,0,xmodel_stated_confidence,0.023690034906806545,
finetuned->base,SimpleMC,1,xmodel_stated_confidence,0.06392200963594019,
finetuned->base,SimpleMC,2,xmodel_stated_confidence,0.10279451757440683,
finetuned->base,SimpleMC,3,xmodel_stated_confidence,0.08872781281319164,
finetuned->base,SimpleMC,4,xmodel_stated_confidence,0.09747321612904125,
finetuned->base,SimpleMC,5,xmodel_stated_confidence,0.08075072939233308,
finetuned->base,SimpleMC,6,xmodel_stated_confidence,0.06309494861011977,
finetuned->base,SimpleMC,7,xmodel_stated_confidence,0.07569233996722147,
finetuned->base,SimpleMC,8,xmodel_stated_confidence,0.08858315642511283,
finetuned->base,SimpleMC,9,xmodel_stated_confidence,0.10000411117262076,
finetuned->base,SimpleMC,10,xmodel_stated_confidence,0.16238890923536553,
finetuned->base,SimpleMC,11,xmodel_stated_confidence,0.15577350938564172,
finetuned->base,SimpleMC,12,xmodel_stated_confidence,0.1809050753162803,
finetuned->base,SimpleMC,13,xmodel_stated_confidence,0.18578181168912022,
finetuned->base,SimpleMC,14,xmodel_stated_confidence,0.17140129254682057,
finetuned->base,SimpleMC,15,xmodel_stated_confidence,0.1148630395463136,
finetuned->base,SimpleMC,16,xmodel_stated_confidence,0.06887711901155891,
finetuned->base,SimpleMC,17,xmodel_stated_confidence,0.10107102211238728,
finetuned->base,SimpleMC,18,xmodel_stated_confidence,0.10927807448744542,
finetuned->base,SimpleMC,19,xmodel_stated_confidence,0.11278077143219101,
finetuned->base,SimpleMC,20,xmodel_stated_confidence,0.11198284755116361,
finetuned->base,SimpleMC,21,xmodel_stated_confidence,0.09021848287633172,
finetuned->base,SimpleMC,22,xmodel_stated_confidence,0.12320328266693414,
finetuned->base,SimpleMC,23,xmodel_stated_confidence,0.13696541283343122,
finetuned->base,SimpleMC,24,xmodel_stated_confidence,0.13958900111191208,
finetuned->base,SimpleMC,25,xmodel_stated_confidence,0.14065495029282882,
finetuned->base,SimpleMC,26,xmodel_stated_confidence,0.13460157735640166,
finetuned->base,SimpleMC,27,xmodel_stated_confidence,0.1326670206202304,
finetuned->base,SimpleMC,28,xmodel_stated_confidence,0.12522909935156679,
finetuned->base,SimpleMC,29,xmodel_stated_confidence,0.12916360708646946,
finetuned->base,SimpleMC,30,xmodel_stated_confidence,0.14466909014136997,
finetuned->base,SimpleMC,31,xmodel_stated_confidence,0.11128956667507439,
finetuned->base,SimpleMC,0,xmodel_entropy,0.060727225328290446,
finetuned->base,SimpleMC,1,xmodel_entropy,0.112454256594402,
finetuned->base,SimpleMC,2,xmodel_entropy,0.12003438327801763,
finetuned->base,SimpleMC,3,xmodel_entropy,0.0587000738754242,
finetuned->base,SimpleMC,4,xmodel_entropy,0.09736207163430022,
finetuned->base,SimpleMC,5,xmodel_entropy,0.10165576417750943,
finetuned->base,SimpleMC,6,xmodel_entropy,0.043823253104194215,
finetuned->base,SimpleMC,7,xmodel_entropy,0.11203065049981553,
finetuned->base,SimpleMC,8,xmodel_entropy,0.12967184772984053,
finetuned->base,SimpleMC,9,xmodel_entropy,0.11973730894959667,
finetuned->base,SimpleMC,10,xmodel_entropy,0.07719301116982347,
finetuned->base,SimpleMC,11,xmodel_entropy,0.16387416313292702,
finetuned->base,SimpleMC,12,xmodel_entropy,0.10676634409597818,
finetuned->base,SimpleMC,13,xmodel_entropy,0.2818835226662717,
finetuned->base,SimpleMC,14,xmodel_entropy,0.5811750548530357,
finetuned->base,SimpleMC,15,xmodel_entropy,0.5481106903121182,
finetuned->base,SimpleMC,16,xmodel_entropy,0.5172220461914511,
finetuned->base,SimpleMC,17,xmodel_entropy,0.7802872419107225,
finetuned->base,SimpleMC,18,xmodel_entropy,0.8004768269930201,
finetuned->base,SimpleMC,19,xmodel_entropy,0.7988474928364157,
finetuned->base,SimpleMC,20,xmodel_entropy,0.7720879154289698,
finetuned->base,SimpleMC,21,xmodel_entropy,0.7747195461386591,
finetuned->base,SimpleMC,22,xmodel_entropy,0.8016666327939195,
finetuned->base,SimpleMC,23,xmodel_entropy,0.7984978219429815,
finetuned->base,SimpleMC,24,xmodel_entropy,0.7805114306181117,
finetuned->base,SimpleMC,25,xmodel_entropy,0.795911867501545,
finetuned->base,SimpleMC,26,xmodel_entropy,0.7836779266802149,
finetuned->base,SimpleMC,27,xmodel_entropy,0.7840532203881752,
finetuned->base,SimpleMC,28,xmodel_entropy,0.7854737618305112,
finetuned->base,SimpleMC,29,xmodel_entropy,0.7944538749259791,
finetuned->base,SimpleMC,30,xmodel_entropy,0.7817887658927014,
finetuned->base,SimpleMC,31,xmodel_entropy,0.7205693138282036,
finetuned->instruct,SimpleMC,0,xmodel_margin_logit,0.13644583190042803,
finetuned->instruct,SimpleMC,1,xmodel_margin_logit,0.20236934638643211,
finetuned->instruct,SimpleMC,2,xmodel_margin_logit,0.23245805599058456,
finetuned->instruct,SimpleMC,3,xmodel_margin_logit,0.2635604171294239,
finetuned->instruct,SimpleMC,4,xmodel_margin_logit,0.24513017757991373,
finetuned->instruct,SimpleMC,5,xmodel_margin_logit,0.24260989719036818,
finetuned->instruct,SimpleMC,6,xmodel_margin_logit,0.25104550716004015,
finetuned->instruct,SimpleMC,7,xmodel_margin_logit,0.27710801447244726,
finetuned->instruct,SimpleMC,8,xmodel_margin_logit,0.27701425843398686,
finetuned->instruct,SimpleMC,9,xmodel_margin_logit,0.25775904885388967,
finetuned->instruct,SimpleMC,10,xmodel_margin_logit,0.24995278404681864,
finetuned->instruct,SimpleMC,11,xmodel_margin_logit,0.2620592826030296,
finetuned->instruct,SimpleMC,12,xmodel_margin_logit,0.3322560003889524,
finetuned->instruct,SimpleMC,13,xmodel_margin_logit,0.46509991353690994,
finetuned->instruct,SimpleMC,14,xmodel_margin_logit,0.6651119119200771,
finetuned->instruct,SimpleMC,15,xmodel_margin_logit,0.6567953556159654,
finetuned->instruct,SimpleMC,16,xmodel_margin_logit,0.6647949749287907,
finetuned->instruct,SimpleMC,17,xmodel_margin_logit,0.8201328961074419,
finetuned->instruct,SimpleMC,18,xmodel_margin_logit,0.8418485048644619,
finetuned->instruct,SimpleMC,19,xmodel_margin_logit,0.843989101857562,
finetuned->instruct,SimpleMC,20,xmodel_margin_logit,0.857872575998384,
finetuned->instruct,SimpleMC,21,xmodel_margin_logit,0.8572735538773235,
finetuned->instruct,SimpleMC,22,xmodel_margin_logit,0.8587888581211012,
finetuned->instruct,SimpleMC,23,xmodel_margin_logit,0.8593105024431341,
finetuned->instruct,SimpleMC,24,xmodel_margin_logit,0.8791994754235861,
finetuned->instruct,SimpleMC,25,xmodel_margin_logit,0.883064577533394,
finetuned->instruct,SimpleMC,26,xmodel_margin_logit,0.8824550924472535,
finetuned->instruct,SimpleMC,27,xmodel_margin_logit,0.882053592301768,
finetuned->instruct,SimpleMC,28,xmodel_margin_logit,0.869167719556953,
finetuned->instruct,SimpleMC,29,xmodel_margin_logit,0.8720264863531058,
finetuned->instruct,SimpleMC,30,xmodel_margin_logit,0.8708507383354666,
finetuned->instruct,SimpleMC,31,xmodel_margin_logit,0.7956731634016192,
finetuned->instruct,SimpleMC,0,xmodel_stated_confidence,0.020715641168522647,
finetuned->instruct,SimpleMC,1,xmodel_stated_confidence,0.04172001168149486,
finetuned->instruct,SimpleMC,2,xmodel_stated_confidence,0.060837879592623434,
finetuned->instruct,SimpleMC,3,xmodel_stated_confidence,0.08394613187331668,
finetuned->instruct,SimpleMC,4,xmodel_stated_confidence,0.07532250733005874,
finetuned->instruct,SimpleMC,5,xmodel_stated_confidence,0.09649306644931865,
finetuned->instruct,SimpleMC,6,xmodel_stated_confidence,0.09960184073283007,
finetuned->instruct,SimpleMC,7,xmodel_stated_confidence,0.12220354816274659,
finetuned->instruct,SimpleMC,8,xmodel_stated_confidence,0.14326440641304383,
finetuned->instruct,SimpleMC,9,xmodel_stated_confidence,0.13581536519084492,
finetuned->instruct,SimpleMC,10,xmodel_stated_confidence,0.17731010443081863,
finetuned->instruct,SimpleMC,11,xmodel_stated_confidence,0.19005359438563896,
finetuned->instruct,SimpleMC,12,xmodel_stated_confidence,0.2579052720620264,
finetuned->instruct,SimpleMC,13,xmodel_stated_confidence,0.2741236334896686,
finetuned->instruct,SimpleMC,14,xmodel_stated_confidence,0.2765263133764354,
finetuned->instruct,SimpleMC,15,xmodel_stated_confidence,0.2649356736036169,
finetuned->instruct,SimpleMC,16,xmodel_stated_confidence,0.26776796975102624,
finetuned->instruct,SimpleMC,17,xmodel_stated_confidence,0.2495079187789192,
finetuned->instruct,SimpleMC,18,xmodel_stated_confidence,0.2511616936968424,
finetuned->instruct,SimpleMC,19,xmodel_stated_confidence,0.24520101354599544,
finetuned->instruct,SimpleMC,20,xmodel_stated_confidence,0.24997574731188643,
finetuned->instruct,SimpleMC,21,xmodel_stated_confidence,0.2487899550827004,
finetuned->instruct,SimpleMC,22,xmodel_stated_confidence,0.24825968616265837,
finetuned->instruct,SimpleMC,23,xmodel_stated_confidence,0.2559059656829251,
finetuned->instruct,SimpleMC,24,xmodel_stated_confidence,0.26518464288723886,
finetuned->instruct,SimpleMC,25,xmodel_stated_confidence,0.27078629975476287,
finetuned->instruct,SimpleMC,26,xmodel_stated_confidence,0.2739564684742386,
finetuned->instruct,SimpleMC,27,xmodel_stated_confidence,0.27430537780020614,
finetuned->instruct,SimpleMC,28,xmodel_stated_confidence,0.2734426639356823,
finetuned->instruct,SimpleMC,29,xmodel_stated_confidence,0.27667980584147644,
finetuned->instruct,SimpleMC,30,xmodel_stated_confidence,0.27207158879897875,
finetuned->instruct,SimpleMC,31,xmodel_stated_confidence,0.26383899154259327,
finetuned->instruct,SimpleMC,0,xmodel_entropy,0.15338379164647487,
finetuned->instruct,SimpleMC,1,xmodel_entropy,0.2119030713520731,
finetuned->instruct,SimpleMC,2,xmodel_entropy,0.2483479495409705,
finetuned->instruct,SimpleMC,3,xmodel_entropy,0.2777481871710925,
finetuned->instruct,SimpleMC,4,xmodel_entropy,0.2600613678972935,
finetuned->instruct,SimpleMC,5,xmodel_entropy,0.27048991717901194,
finetuned->instruct,SimpleMC,6,xmodel_entropy,0.27995634209028586,
finetuned->instruct,SimpleMC,7,xmodel_entropy,0.3130715826197825,
finetuned->instruct,SimpleMC,8,xmodel_entropy,0.3137826011105458,
finetuned->instruct,SimpleMC,9,xmodel_entropy,0.29198572221014185,
finetuned->instruct,SimpleMC,10,xmodel_entropy,0.2865176435043114,
finetuned->instruct,SimpleMC,11,xmodel_entropy,0.29346105217211393,
finetuned->instruct,SimpleMC,12,xmodel_entropy,0.37324339657432815,
finetuned->instruct,SimpleMC,13,xmodel_entropy,0.5783947026028223,
finetuned->instruct,SimpleMC,14,xmodel_entropy,0.7749419875042425,
finetuned->instruct,SimpleMC,15,xmodel_entropy,0.7844094614825187,
finetuned->instruct,SimpleMC,16,xmodel_entropy,0.785494920089978,
finetuned->instruct,SimpleMC,17,xmodel_entropy,0.8835048265220784,
finetuned->instruct,SimpleMC,18,xmodel_entropy,0.9219584463649314,
finetuned->instruct,SimpleMC,19,xmodel_entropy,0.927711677654788,
finetuned->instruct,SimpleMC,20,xmodel_entropy,0.9313855509450079,
finetuned->instruct,SimpleMC,21,xmodel_entropy,0.9279184355260355,
finetuned->instruct,SimpleMC,22,xmodel_entropy,0.9349223533142162,
finetuned->instruct,SimpleMC,23,xmodel_entropy,0.9375014873638665,
finetuned->instruct,SimpleMC,24,xmodel_entropy,0.9468179385275258,
finetuned->instruct,SimpleMC,25,xmodel_entropy,0.94900128073626,
finetuned->instruct,SimpleMC,26,xmodel_entropy,0.9498268795691351,
finetuned->instruct,SimpleMC,27,xmodel_entropy,0.9497764088986017,
finetuned->instruct,SimpleMC,28,xmodel_entropy,0.9495399873601742,
finetuned->instruct,SimpleMC,29,xmodel_entropy,0.9516287403041926,
finetuned->instruct,SimpleMC,30,xmodel_entropy,0.9526569941906049,
finetuned->instruct,SimpleMC,31,xmodel_entropy,0.9386772280400018,
base->instruct,TriviaMC,0,xmodel_margin_logit,0.025965735455099948,
base->instruct,TriviaMC,1,xmodel_margin_logit,0.014661172433292569,
base->instruct,TriviaMC,2,xmodel_margin_logit,0.07802159965486088,
base->instruct,TriviaMC,3,xmodel_margin_logit,0.08881757607248475,
base->instruct,TriviaMC,4,xmodel_margin_logit,0.14455570041597,
base->instruct,TriviaMC,5,xmodel_margin_logit,0.0659431529537714,
base->instruct,TriviaMC,6,xmodel_margin_logit,0.07330268862975753,
base->instruct,TriviaMC,7,xmodel_margin_logit,0.13528501611069343,
base->instruct,TriviaMC,8,xmodel_margin_logit,0.049371738812240995,
base->instruct,TriviaMC,9,xmodel_margin_logit,0.2104254223055907,
base->instruct,TriviaMC,10,xmodel_margin_logit,0.17548670118240983,
base->instruct,TriviaMC,11,xmodel_margin_logit,0.3981542303625447,
base->instruct,TriviaMC,12,xmodel_margin_logit,0.5322681302682201,
base->instruct,TriviaMC,13,xmodel_margin_logit,0.7373662286273663,
base->instruct,TriviaMC,14,xmodel_margin_logit,0.8236742805333598,
base->instruct,TriviaMC,15,xmodel_margin_logit,0.8440060621082722,
base->instruct,TriviaMC,16,xmodel_margin_logit,0.8484655345164287,
base->instruct,TriviaMC,17,xmodel_margin_logit,0.8941043492029734,
base->instruct,TriviaMC,18,xmodel_margin_logit,0.8866862879133814,
base->instruct,TriviaMC,19,xmodel_margin_logit,0.8845703758572527,
base->instruct,TriviaMC,20,xmodel_margin_logit,0.8942782316578235,
base->instruct,TriviaMC,21,xmodel_margin_logit,0.9091571441015396,
base->instruct,TriviaMC,22,xmodel_margin_logit,0.9088288139119619,
base->instruct,TriviaMC,23,xmodel_margin_logit,0.9121585444275699,
base->instruct,TriviaMC,24,xmodel_margin_logit,0.9161308352366103,
base->instruct,TriviaMC,25,xmodel_margin_logit,0.9185635568115258,
base->instruct,TriviaMC,26,xmodel_margin_logit,0.9152866798269244,
base->instruct,TriviaMC,27,xmodel_margin_logit,0.9129096057944425,
base->instruct,TriviaMC,28,xmodel_margin_logit,0.9069030214259576,
base->instruct,TriviaMC,29,xmodel_margin_logit,0.9233322810603108,
base->instruct,TriviaMC,30,xmodel_margin_logit,0.9365046111961463,
base->instruct,TriviaMC,31,xmodel_margin_logit,0.9036272544099646,
base->instruct,TriviaMC,0,xmodel_stated_confidence,0.0028168081214745566,
base->instruct,TriviaMC,1,xmodel_stated_confidence,0.006960396969522331,
base->instruct,TriviaMC,2,xmodel_stated_confidence,0.05207285297623887,
base->instruct,TriviaMC,3,xmodel_stated_confidence,0.06397876582281903,
base->instruct,TriviaMC,4,xmodel_stated_confidence,0.061131934678279265,
base->instruct,TriviaMC,5,xmodel_stated_confidence,0.10087815139678113,
base->instruct,TriviaMC,6,xmodel_stated_confidence,0.07027256896237566,
base->instruct,TriviaMC,7,xmodel_stated_confidence,0.1047240833185692,
base->instruct,TriviaMC,8,xmodel_stated_confidence,0.1477858469666804,
base->instruct,TriviaMC,9,xmodel_stated_confidence,0.16632994615508878,
base->instruct,TriviaMC,10,xmodel_stated_confidence,0.25032443030007456,
base->instruct,TriviaMC,11,xmodel_stated_confidence,0.22927865980491724,
base->instruct,TriviaMC,12,xmodel_stated_confidence,0.30456504826869146,
base->instruct,TriviaMC,13,xmodel_stated_confidence,0.28602793615054745,
base->instruct,TriviaMC,14,xmodel_stated_confidence,0.31084366150218756,
base->instruct,TriviaMC,15,xmodel_stated_confidence,0.3261485034238022,
base->instruct,TriviaMC,16,xmodel_stated_confidence,0.33512722221494706,
base->instruct,TriviaMC,17,xmodel_stated_confidence,0.3044120695144674,
base->instruct,TriviaMC,18,xmodel_stated_confidence,0.2935174555512531,
base->instruct,TriviaMC,19,xmodel_stated_confidence,0.27638777444237694,
base->instruct,TriviaMC,20,xmodel_stated_confidence,0.2767160792270399,
base->instruct,TriviaMC,21,xmodel_stated_confidence,0.27051593124611706,
base->instruct,TriviaMC,22,xmodel_stated_confidence,0.2804538288493865,
base->instruct,TriviaMC,23,xmodel_stated_confidence,0.27722277602277356,
base->instruct,TriviaMC,24,xmodel_stated_confidence,0.2878840997449972,
base->instruct,TriviaMC,25,xmodel_stated_confidence,0.28016853603736547,
base->instruct,TriviaMC,26,xmodel_stated_confidence,0.2742638493173124,
base->instruct,TriviaMC,27,xmodel_stated_confidence,0.26037778604714945,
base->instruct,TriviaMC,28,xmodel_stated_confidence,0.2767945196080287,
base->instruct,TriviaMC,29,xmodel_stated_confidence,0.27221715514392053,
base->instruct,TriviaMC,30,xmodel_stated_confidence,0.27942707645963627,
base->instruct,TriviaMC,31,xmodel_stated_confidence,0.2788294628408172,
base->instruct,TriviaMC,0,xmodel_entropy,0.023245629365118647,
base->instruct,TriviaMC,1,xmodel_entropy,0.014995429667592375,
base->instruct,TriviaMC,2,xmodel_entropy,0.07048385703622473,
base->instruct,TriviaMC,3,xmodel_entropy,0.07589374715374031,
base->instruct,TriviaMC,4,xmodel_entropy,0.12752497440232158,
base->instruct,TriviaMC,5,xmodel_entropy,0.07188344213414444,
base->instruct,TriviaMC,6,xmodel_entropy,0.09638085803901619,
base->instruct,TriviaMC,7,xmodel_entropy,0.08868020536349741,
base->instruct,TriviaMC,8,xmodel_entropy,0.06357349298183912,
base->instruct,TriviaMC,9,xmodel_entropy,0.17940933556094707,
base->instruct,TriviaMC,10,xmodel_entropy,0.18330438968276663,
base->instruct,TriviaMC,11,xmodel_entropy,0.24019365006685112,
base->instruct,TriviaMC,12,xmodel_entropy,0.29713655083746915,
base->instruct,TriviaMC,13,xmodel_entropy,0.5582936344217743,
base->instruct,TriviaMC,14,xmodel_entropy,0.6668768166670459,
base->instruct,TriviaMC,15,xmodel_entropy,0.7158821679697309,
base->instruct,TriviaMC,16,xmodel_entropy,0.7162579607169314,
base->instruct,TriviaMC,17,xmodel_entropy,0.7692995915998946,
base->instruct,TriviaMC,18,xmodel_entropy,0.7847303461760915,
base->instruct,TriviaMC,19,xmodel_entropy,0.8214679331908848,
base->instruct,TriviaMC,20,xmodel_entropy,0.8175684419076282,
base->instruct,TriviaMC,21,xmodel_entropy,0.8327681186533893,
base->instruct,TriviaMC,22,xmodel_entropy,0.8290774344611409,
base->instruct,TriviaMC,23,xmodel_entropy,0.8499727757758738,
base->instruct,TriviaMC,24,xmodel_entropy,0.8359856824747451,
base->instruct,TriviaMC,25,xmodel_entropy,0.8285702712498846,
base->instruct,TriviaMC,26,xmodel_entropy,0.8151356127218703,
base->instruct,TriviaMC,27,xmodel_entropy,0.8121391813920389,
base->instruct,TriviaMC,28,xmodel_entropy,0.8224871849121942,
base->instruct,TriviaMC,29,xmodel_entropy,0.8326629853352464,
base->instruct,TriviaMC,30,xmodel_entropy,0.8216331846235103,
base->instruct,TriviaMC,31,xmodel_entropy,0.7931774402642964,
base->finetuned,TriviaMC,0,xmodel_margin_logit,0.030430660593914305,
base->finetuned,TriviaMC,1,xmodel_margin_logit,0.010450887905147033,
base->finetuned,TriviaMC,2,xmodel_margin_logit,0.045358300007754204,
base->finetuned,TriviaMC,3,xmodel_margin_logit,0.06607753722095733,
base->finetuned,TriviaMC,4,xmodel_margin_logit,0.11877736560257035,
base->finetuned,TriviaMC,5,xmodel_margin_logit,0.058757247602695295,
base->finetuned,TriviaMC,6,xmodel_margin_logit,0.062203766490481205,
base->finetuned,TriviaMC,7,xmodel_margin_logit,0.1367889311214917,
base->finetuned,TriviaMC,8,xmodel_margin_logit,0.06892895316617675,
base->finetuned,TriviaMC,9,xmodel_margin_logit,0.2244682672933389,
base->finetuned,TriviaMC,10,xmodel_margin_logit,0.2875797404503454,
base->finetuned,TriviaMC,11,xmodel_margin_logit,0.4093366443610006,
base->finetuned,TriviaMC,12,xmodel_margin_logit,0.5396518077862205,
base->finetuned,TriviaMC,13,xmodel_margin_logit,0.7338070447159122,
base->finetuned,TriviaMC,14,xmodel_margin_logit,0.8335583629911422,
base->finetuned,TriviaMC,15,xmodel_margin_logit,0.8622321722517093,
base->finetuned,TriviaMC,16,xmodel_margin_logit,0.8660181329438922,
base->finetuned,TriviaMC,17,xmodel_margin_logit,0.902479012736394,
base->finetuned,TriviaMC,18,xmodel_margin_logit,0.8966549105524141,
base->finetuned,TriviaMC,19,xmodel_margin_logit,0.8936199658562123,
base->finetuned,TriviaMC,20,xmodel_margin_logit,0.9048063176997477,
base->finetuned,TriviaMC,21,xmodel_margin_logit,0.919147995547012,
base->finetuned,TriviaMC,22,xmodel_margin_logit,0.9168635941071795,
base->finetuned,TriviaMC,23,xmodel_margin_logit,0.9182150419818847,
base->finetuned,TriviaMC,24,xmodel_margin_logit,0.9189454359631664,
base->finetuned,TriviaMC,25,xmodel_margin_logit,0.9214728313085514,
base->finetuned,TriviaMC,26,xmodel_margin_logit,0.9177632102206791,
base->finetuned,TriviaMC,27,xmodel_margin_logit,0.9120740568129818,
base->finetuned,TriviaMC,28,xmodel_margin_logit,0.9150562709261503,
base->finetuned,TriviaMC,29,xmodel_margin_logit,0.9302299608509178,
base->finetuned,TriviaMC,30,xmodel_margin_logit,0.9370208279180804,
base->finetuned,TriviaMC,31,xmodel_margin_logit,0.8994780539814765,
base->finetuned,TriviaMC,0,xmodel_stated_confidence,0.0011769037113873448,
base->finetuned,TriviaMC,1,xmodel_stated_confidence,-0.0016958383085383666,
base->finetuned,TriviaMC,2,xmodel_stated_confidence,-0.0006631631230897828,
base->finetuned,TriviaMC,3,xmodel_stated_confidence,0.017266809635380742,
base->finetuned,TriviaMC,4,xmodel_stated_confidence,0.010381279370093255,
base->finetuned,TriviaMC,5,xmodel_stated_confidence,0.030582827564118342,
base->finetuned,TriviaMC,6,xmodel_stated_confidence,0.00620740603108616,
base->finetuned,TriviaMC,7,xmodel_stated_confidence,0.032228507172341714,
base->finetuned,TriviaMC,8,xmodel_stated_confidence,0.06670424370885741,
base->finetuned,TriviaMC,9,xmodel_stated_confidence,0.07553539714002133,
base->finetuned,TriviaMC,10,xmodel_stated_confidence,0.13095301214125132,
base->finetuned,TriviaMC,11,xmodel_stated_confidence,0.1550582309796784,
base->finetuned,TriviaMC,12,xmodel_stated_confidence,0.23127180777145462,
base->finetuned,TriviaMC,13,xmodel_stated_confidence,0.3264827872307148,
base->finetuned,TriviaMC,14,xmodel_stated_confidence,0.36269366195384023,
base->finetuned,TriviaMC,15,xmodel_stated_confidence,0.3591131040885128,
base->finetuned,TriviaMC,16,xmodel_stated_confidence,0.4043083044803317,
base->finetuned,TriviaMC,17,xmodel_stated_confidence,0.3806110643088545,
base->finetuned,TriviaMC,18,xmodel_stated_confidence,0.35320296080428604,
base->finetuned,TriviaMC,19,xmodel_stated_confidence,0.34457218472488915,
base->finetuned,TriviaMC,20,xmodel_stated_confidence,0.3474434238641967,
base->finetuned,TriviaMC,21,xmodel_stated_confidence,0.3503525482638489,
base->finetuned,TriviaMC,22,xmodel_stated_confidence,0.3762106846772697,
base->finetuned,TriviaMC,23,xmodel_stated_confidence,0.36648480531285255,
base->finetuned,TriviaMC,24,xmodel_stated_confidence,0.37393113805776435,
base->finetuned,TriviaMC,25,xmodel_stated_confidence,0.36023593517527275,
base->finetuned,TriviaMC,26,xmodel_stated_confidence,0.34756016913282817,
base->finetuned,TriviaMC,27,xmodel_stated_confidence,0.3327276007091333,
base->finetuned,TriviaMC,28,xmodel_stated_confidence,0.35842763332466177,
base->finetuned,TriviaMC,29,xmodel_stated_confidence,0.34455171383640215,
base->finetuned,TriviaMC,30,xmodel_stated_confidence,0.36101413015743833,
base->finetuned,TriviaMC,31,xmodel_stated_confidence,0.3576343700058836,
base->finetuned,TriviaMC,0,xmodel_entropy,0.026958953811482944,
base->finetuned,TriviaMC,1,xmodel_entropy,0.012242051103716123,
base->finetuned,TriviaMC,2,xmodel_entropy,0.03700807143988616,
base->finetuned,TriviaMC,3,xmodel_entropy,0.06549131999253544,
base->finetuned,TriviaMC,4,xmodel_entropy,0.10410036145812429,
base->finetuned,TriviaMC,5,xmodel_entropy,0.06762719187910227,
base->finetuned,TriviaMC,6,xmodel_entropy,0.08661525151205962,
base->finetuned,TriviaMC,7,xmodel_entropy,0.09196782196296316,
base->finetuned,TriviaMC,8,xmodel_entropy,0.08220346950706958,
base->finetuned,TriviaMC,9,xmodel_entropy,0.20469517404196902,
base->finetuned,TriviaMC,10,xmodel_entropy,0.28115956679443554,
base->finetuned,TriviaMC,11,xmodel_entropy,0.3013474496352315,
base->finetuned,TriviaMC,12,xmodel_entropy,0.38754404257376285,
base->finetuned,TriviaMC,13,xmodel_entropy,0.6473238179794671,
base->finetuned,TriviaMC,14,xmodel_entropy,0.7630648522019317,
base->finetuned,TriviaMC,15,xmodel_entropy,0.808310584333655,
base->finetuned,TriviaMC,16,xmodel_entropy,0.8107740035860416,
base->finetuned,TriviaMC,17,xmodel_entropy,0.8503403327618775,
base->finetuned,TriviaMC,18,xmodel_entropy,0.8575718887068984,
base->finetuned,TriviaMC,19,xmodel_entropy,0.8875345539427746,
base->finetuned,TriviaMC,20,xmodel_entropy,0.880506163179713,
base->finetuned,TriviaMC,21,xmodel_entropy,0.8976388908746231,
base->finetuned,TriviaMC,22,xmodel_entropy,0.8923608892781509,
base->finetuned,TriviaMC,23,xmodel_entropy,0.909581346426333,
base->finetuned,TriviaMC,24,xmodel_entropy,0.895319726842623,
base->finetuned,TriviaMC,25,xmodel_entropy,0.8922169643260949,
base->finetuned,TriviaMC,26,xmodel_entropy,0.8801368592171577,
base->finetuned,TriviaMC,27,xmodel_entropy,0.8752617565467127,
base->finetuned,TriviaMC,28,xmodel_entropy,0.8844406264001096,
base->finetuned,TriviaMC,29,xmodel_entropy,0.8983339446915836,
base->finetuned,TriviaMC,30,xmodel_entropy,0.8800036074346916,
base->finetuned,TriviaMC,31,xmodel_entropy,0.844903299678337,
instruct->base,TriviaMC,0,xmodel_margin_logit,0.05298436345022173,
instruct->base,TriviaMC,1,xmodel_margin_logit,0.11362299898407069,
instruct->base,TriviaMC,2,xmodel_margin_logit,0.15366635649237315,
instruct->base,TriviaMC,3,xmodel_margin_logit,0.14345929887515596,
instruct->base,TriviaMC,4,xmodel_margin_logit,0.17231556471421428,
instruct->base,TriviaMC,5,xmodel_margin_logit,0.1905427257475255,
instruct->base,TriviaMC,6,xmodel_margin_logit,0.15269234408022947,
instruct->base,TriviaMC,7,xmodel_margin_logit,0.11842033878938374,
instruct->base,TriviaMC,8,xmodel_margin_logit,0.17304114880592847,
instruct->base,TriviaMC,9,xmodel_margin_logit,0.11277995324326329,
instruct->base,TriviaMC,10,xmodel_margin_logit,0.18125138305153965,
instruct->base,TriviaMC,11,xmodel_margin_logit,0.2721289075887282,
instruct->base,TriviaMC,12,xmodel_margin_logit,0.39735342717278577,
instruct->base,TriviaMC,13,xmodel_margin_logit,0.6257573923699666,
instruct->base,TriviaMC,14,xmodel_margin_logit,0.806581493491114,
instruct->base,TriviaMC,15,xmodel_margin_logit,0.753597129102807,
instruct->base,TriviaMC,16,xmodel_margin_logit,0.7918918978837439,
instruct->base,TriviaMC,17,xmodel_margin_logit,0.796226795002539,
instruct->base,TriviaMC,18,xmodel_margin_logit,0.8359603931533843,
instruct->base,TriviaMC,19,xmodel_margin_logit,0.8347634155581855,
instruct->base,TriviaMC,20,xmodel_margin_logit,0.7742347709463513,
instruct->base,TriviaMC,21,xmodel_margin_logit,0.8151417714132702,
instruct->base,TriviaMC,22,xmodel_margin_logit,0.8347702423691927,
instruct->base,TriviaMC,23,xmodel_margin_logit,0.8455942224509061,
instruct->base,TriviaMC,24,xmodel_margin_logit,0.8331879954090324,
instruct->base,TriviaMC,25,xmodel_margin_logit,0.8496325388206021,
instruct->base,TriviaMC,26,xmodel_margin_logit,0.8463433558598099,
instruct->base,TriviaMC,27,xmodel_margin_logit,0.8559210759136394,
instruct->base,TriviaMC,28,xmodel_margin_logit,0.866017220567169,
instruct->base,TriviaMC,29,xmodel_margin_logit,0.8762346273508403,
instruct->base,TriviaMC,30,xmodel_margin_logit,0.8749296382564012,
instruct->base,TriviaMC,31,xmodel_margin_logit,0.784196033741957,
instruct->base,TriviaMC,0,xmodel_stated_confidence,0.005437415244642474,
instruct->base,TriviaMC,1,xmodel_stated_confidence,0.03855465388879231,
instruct->base,TriviaMC,2,xmodel_stated_confidence,0.08742277568142742,
instruct->base,TriviaMC,3,xmodel_stated_confidence,0.07150055206490924,
instruct->base,TriviaMC,4,xmodel_stated_confidence,0.10121559936105451,
instruct->base,TriviaMC,5,xmodel_stated_confidence,0.14492128899348433,
instruct->base,TriviaMC,6,xmodel_stated_confidence,0.06904894123487992,
instruct->base,TriviaMC,7,xmodel_stated_confidence,0.14436454805875565,
instruct->base,TriviaMC,8,xmodel_stated_confidence,0.0937738907932315,
instruct->base,TriviaMC,9,xmodel_stated_confidence,0.18429212164865338,
instruct->base,TriviaMC,10,xmodel_stated_confidence,0.2795054595445752,
instruct->base,TriviaMC,11,xmodel_stated_confidence,0.2641198721552095,
instruct->base,TriviaMC,12,xmodel_stated_confidence,0.37750997611250003,
instruct->base,TriviaMC,13,xmodel_stated_confidence,0.31369530588998806,
instruct->base,TriviaMC,14,xmodel_stated_confidence,0.28280871014568,
instruct->base,TriviaMC,15,xmodel_stated_confidence,0.29721380055354296,
instruct->base,TriviaMC,16,xmodel_stated_confidence,0.23638762866995788,
instruct->base,TriviaMC,17,xmodel_stated_confidence,0.1576374594511185,
instruct->base,TriviaMC,18,xmodel_stated_confidence,0.1355889580543993,
instruct->base,TriviaMC,19,xmodel_stated_confidence,0.12155853078251333,
instruct->base,TriviaMC,20,xmodel_stated_confidence,0.1260166720918695,
instruct->base,TriviaMC,21,xmodel_stated_confidence,0.2822382286257199,
instruct->base,TriviaMC,22,xmodel_stated_confidence,0.16368613742380345,
instruct->base,TriviaMC,23,xmodel_stated_confidence,0.14272505211644715,
instruct->base,TriviaMC,24,xmodel_stated_confidence,0.1689869126124366,
instruct->base,TriviaMC,25,xmodel_stated_confidence,0.17980379035147243,
instruct->base,TriviaMC,26,xmodel_stated_confidence,0.18421100654502343,
instruct->base,TriviaMC,27,xmodel_stated_confidence,0.24513777003817305,
instruct->base,TriviaMC,28,xmodel_stated_confidence,0.2661744420363158,
instruct->base,TriviaMC,29,xmodel_stated_confidence,0.2975079789211843,
instruct->base,TriviaMC,30,xmodel_stated_confidence,0.3528114356987764,
instruct->base,TriviaMC,31,xmodel_stated_confidence,0.31044871238906213,
instruct->base,TriviaMC,0,xmodel_entropy,0.058378595563490454,
instruct->base,TriviaMC,1,xmodel_entropy,0.11338657831179422,
instruct->base,TriviaMC,2,xmodel_entropy,0.16201753889211157,
instruct->base,TriviaMC,3,xmodel_entropy,0.14446912300477543,
instruct->base,TriviaMC,4,xmodel_entropy,0.18391239038450358,
instruct->base,TriviaMC,5,xmodel_entropy,0.1802900389150035,
instruct->base,TriviaMC,6,xmodel_entropy,0.1562382533881962,
instruct->base,TriviaMC,7,xmodel_entropy,0.16776982455255773,
instruct->base,TriviaMC,8,xmodel_entropy,0.1979392097565139,
instruct->base,TriviaMC,9,xmodel_entropy,0.1332527869288176,
instruct->base,TriviaMC,10,xmodel_entropy,0.2108333211056328,
instruct->base,TriviaMC,11,xmodel_entropy,0.27422364349447026,
instruct->base,TriviaMC,12,xmodel_entropy,0.2607026890088354,
instruct->base,TriviaMC,13,xmodel_entropy,0.6276937694426462,
instruct->base,TriviaMC,14,xmodel_entropy,0.8383310347133046,
instruct->base,TriviaMC,15,xmodel_entropy,0.8276980946265167,
instruct->base,TriviaMC,16,xmodel_entropy,0.8498023910278879,
instruct->base,TriviaMC,17,xmodel_entropy,0.8749716671540063,
instruct->base,TriviaMC,18,xmodel_entropy,0.8870052952586295,
instruct->base,TriviaMC,19,xmodel_entropy,0.9144577368771886,
instruct->base,TriviaMC,20,xmodel_entropy,0.8895279213241596,
instruct->base,TriviaMC,21,xmodel_entropy,0.9085952479353522,
instruct->base,TriviaMC,22,xmodel_entropy,0.9215083138309967,
instruct->base,TriviaMC,23,xmodel_entropy,0.9364616212103491,
instruct->base,TriviaMC,24,xmodel_entropy,0.9285763743637726,
instruct->base,TriviaMC,25,xmodel_entropy,0.9332884090783818,
instruct->base,TriviaMC,26,xmodel_entropy,0.93731437108,
instruct->base,TriviaMC,27,xmodel_entropy,0.9401511206868469,
instruct->base,TriviaMC,28,xmodel_entropy,0.9386117048497088,
instruct->base,TriviaMC,29,xmodel_entropy,0.9291559448250253,
instruct->base,TriviaMC,30,xmodel_entropy,0.9197611327140125,
instruct->base,TriviaMC,31,xmodel_entropy,0.8872394590244317,
instruct->finetuned,TriviaMC,0,xmodel_margin_logit,0.17404268879997198,
instruct->finetuned,TriviaMC,1,xmodel_margin_logit,0.26800545287700084,
instruct->finetuned,TriviaMC,2,xmodel_margin_logit,0.3144291572067679,
instruct->finetuned,TriviaMC,3,xmodel_margin_logit,0.3504525627384123,
instruct->finetuned,TriviaMC,4,xmodel_margin_logit,0.372613497010606,
instruct->finetuned,TriviaMC,5,xmodel_margin_logit,0.37124543612581706,
instruct->finetuned,TriviaMC,6,xmodel_margin_logit,0.36943994041117856,
instruct->finetuned,TriviaMC,7,xmodel_margin_logit,0.4902753559936792,
instruct->finetuned,TriviaMC,8,xmodel_margin_logit,0.44822277613461137,
instruct->finetuned,TriviaMC,9,xmodel_margin_logit,0.5221262160059007,
instruct->finetuned,TriviaMC,10,xmodel_margin_logit,0.5725934458235269,
instruct->finetuned,TriviaMC,11,xmodel_margin_logit,0.610719239969725,
instruct->finetuned,TriviaMC,12,xmodel_margin_logit,0.6866978041671794,
instruct->finetuned,TriviaMC,13,xmodel_margin_logit,0.8367565632591358,
instruct->finetuned,TriviaMC,14,xmodel_margin_logit,0.901191785041762,
instruct->finetuned,TriviaMC,15,xmodel_margin_logit,0.9165343335564883,
instruct->finetuned,TriviaMC,16,xmodel_margin_logit,0.9241340747902586,
instruct->finetuned,TriviaMC,17,xmodel_margin_logit,0.9527531703180708,
instruct->finetuned,TriviaMC,18,xmodel_margin_logit,0.9598733748449296,
instruct->finetuned,TriviaMC,19,xmodel_margin_logit,0.9627152496479574,
instruct->finetuned,TriviaMC,20,xmodel_margin_logit,0.9675762459568638,
instruct->finetuned,TriviaMC,21,xmodel_margin_logit,0.9693753268320244,
instruct->finetuned,TriviaMC,22,xmodel_margin_logit,0.9702446503293325,
instruct->finetuned,TriviaMC,23,xmodel_margin_logit,0.9699264551150429,
instruct->finetuned,TriviaMC,24,xmodel_margin_logit,0.9713083300434658,
instruct->finetuned,TriviaMC,25,xmodel_margin_logit,0.9723352944253973,
instruct->finetuned,TriviaMC,26,xmodel_margin_logit,0.9723042025992084,
instruct->finetuned,TriviaMC,27,xmodel_margin_logit,0.972758739295671,
instruct->finetuned,TriviaMC,28,xmodel_margin_logit,0.9724461298282246,
instruct->finetuned,TriviaMC,29,xmodel_margin_logit,0.974613518106842,
instruct->finetuned,TriviaMC,30,xmodel_margin_logit,0.9744551741745853,
instruct->finetuned,TriviaMC,31,xmodel_margin_logit,0.9772264923892761,
instruct->finetuned,TriviaMC,0,xmodel_stated_confidence,0.00801318447963728,
instruct->finetuned,TriviaMC,1,xmodel_stated_confidence,0.021548508760624308,
instruct->finetuned,TriviaMC,2,xmodel_stated_confidence,0.030158862163565447,
instruct->finetuned,TriviaMC,3,xmodel_stated_confidence,0.07740271350135441,
instruct->finetuned,TriviaMC,4,xmodel_stated_confidence,0.05917417882792164,
instruct->finetuned,TriviaMC,5,xmodel_stated_confidence,0.07325586725594257,
instruct->finetuned,TriviaMC,6,xmodel_stated_confidence,0.11118959455116473,
instruct->finetuned,TriviaMC,7,xmodel_stated_confidence,0.1343115862681038,
instruct->finetuned,TriviaMC,8,xmodel_stated_confidence,0.15078383796793815,
instruct->finetuned,TriviaMC,9,xmodel_stated_confidence,0.155282635667793,
instruct->finetuned,TriviaMC,10,xmodel_stated_confidence,0.1957451356875075,
instruct->finetuned,TriviaMC,11,xmodel_stated_confidence,0.2156801687928247,
instruct->finetuned,TriviaMC,12,xmodel_stated_confidence,0.2876854406421365,
instruct->finetuned,TriviaMC,13,xmodel_stated_confidence,0.3934879281403384,
instruct->finetuned,TriviaMC,14,xmodel_stated_confidence,0.4190920957953769,
instruct->finetuned,TriviaMC,15,xmodel_stated_confidence,0.43989213603291466,
instruct->finetuned,TriviaMC,16,xmodel_stated_confidence,0.4438923534060515,
instruct->finetuned,TriviaMC,17,xmodel_stated_confidence,0.42487287941737373,
instruct->finetuned,TriviaMC,18,xmodel_stated_confidence,0.42764668645932336,
instruct->finetuned,TriviaMC,19,xmodel_stated_confidence,0.4225222060637779,
instruct->finetuned,TriviaMC,20,xmodel_stated_confidence,0.4225969643566141,
instruct->finetuned,TriviaMC,21,xmodel_stated_confidence,0.4463253965120495,
instruct->finetuned,TriviaMC,22,xmodel_stated_confidence,0.41732675365131433,
instruct->finetuned,TriviaMC,23,xmodel_stated_confidence,0.41662147317701637,
instruct->finetuned,TriviaMC,24,xmodel_stated_confidence,0.4153886910197422,
instruct->finetuned,TriviaMC,25,xmodel_stated_confidence,0.4175115398526793,
instruct->finetuned,TriviaMC,26,xmodel_stated_confidence,0.42088203108471,
instruct->finetuned,TriviaMC,27,xmodel_stated_confidence,0.4230378628763609,
instruct->finetuned,TriviaMC,28,xmodel_stated_confidence,0.42675898072678686,
instruct->finetuned,TriviaMC,29,xmodel_stated_confidence,0.42783132497741705,
instruct->finetuned,TriviaMC,30,xmodel_stated_confidence,0.43544919917738434,
instruct->finetuned,TriviaMC,31,xmodel_stated_confidence,0.43172576558894216,
instruct->finetuned,TriviaMC,0,xmodel_entropy,0.14951904360999657,
instruct->finetuned,TriviaMC,1,xmodel_entropy,0.23190244765511803,
instruct->finetuned,TriviaMC,2,xmodel_entropy,0.2697369485043253,
instruct->finetuned,TriviaMC,3,xmodel_entropy,0.3074308069883378,
instruct->finetuned,TriviaMC,4,xmodel_entropy,0.3206719117713732,
instruct->finetuned,TriviaMC,5,xmodel_entropy,0.322640447582485,
instruct->finetuned,TriviaMC,6,xmodel_entropy,0.33062896849698153,
instruct->finetuned,TriviaMC,7,xmodel_entropy,0.36090297035761654,
instruct->finetuned,TriviaMC,8,xmodel_entropy,0.4013698871175313,
instruct->finetuned,TriviaMC,9,xmodel_entropy,0.399823389314913,
instruct->finetuned,TriviaMC,10,xmodel_entropy,0.4476349874707408,
instruct->finetuned,TriviaMC,11,xmodel_entropy,0.5432147764713724,
instruct->finetuned,TriviaMC,12,xmodel_entropy,0.6195632773583506,
instruct->finetuned,TriviaMC,13,xmodel_entropy,0.7818531135802249,
instruct->finetuned,TriviaMC,14,xmodel_entropy,0.8535345490902682,
instruct->finetuned,TriviaMC,15,xmodel_entropy,0.8859901287936958,
instruct->finetuned,TriviaMC,16,xmodel_entropy,0.898266357884826,
instruct->finetuned,TriviaMC,17,xmodel_entropy,0.9309634440527249,
instruct->finetuned,TriviaMC,18,xmodel_entropy,0.9421645569363581,
instruct->finetuned,TriviaMC,19,xmodel_entropy,0.9614361281868415,
instruct->finetuned,TriviaMC,20,xmodel_entropy,0.9675603620310417,
instruct->finetuned,TriviaMC,21,xmodel_entropy,0.9708627320892393,
instruct->finetuned,TriviaMC,22,xmodel_entropy,0.9682961750747572,
instruct->finetuned,TriviaMC,23,xmodel_entropy,0.972689335537892,
instruct->finetuned,TriviaMC,24,xmodel_entropy,0.9732928759401168,
instruct->finetuned,TriviaMC,25,xmodel_entropy,0.9733136013214179,
instruct->finetuned,TriviaMC,26,xmodel_entropy,0.9689141898861447,
instruct->finetuned,TriviaMC,27,xmodel_entropy,0.9690756482979035,
instruct->finetuned,TriviaMC,28,xmodel_entropy,0.9689189038119335,
instruct->finetuned,TriviaMC,29,xmodel_entropy,0.9729493949176253,
instruct->finetuned,TriviaMC,30,xmodel_entropy,0.9723808597581687,
instruct->finetuned,TriviaMC,31,xmodel_entropy,0.9610505684913428,
finetuned->base,TriviaMC,0,xmodel_margin_logit,0.05572467387072033,
finetuned->base,TriviaMC,1,xmodel_margin_logit,0.11438039808285028,
finetuned->base,TriviaMC,2,xmodel_margin_logit,0.14346740585516038,
finetuned->base,TriviaMC,3,xmodel_margin_logit,0.14438952773319869,
finetuned->base,TriviaMC,4,xmodel_margin_logit,0.16827861770756414,
finetuned->base,TriviaMC,5,xmodel_margin_logit,0.1820760961843939,
finetuned->base,TriviaMC,6,xmodel_margin_logit,0.13846192063354634,
finetuned->base,TriviaMC,7,xmodel_margin_logit,0.15518424202343073,
finetuned->base,TriviaMC,8,xmodel_margin_logit,0.20489091939984916,
finetuned->base,TriviaMC,9,xmodel_margin_logit,0.14130541337000746,
finetuned->base,TriviaMC,10,xmodel_margin_logit,0.1984920641357133,
finetuned->base,TriviaMC,11,xmodel_margin_logit,0.2853171578144872,
finetuned->base,TriviaMC,12,xmodel_margin_logit,0.4191701920968238,
finetuned->base,TriviaMC,13,xmodel_margin_logit,0.6470023589107468,
finetuned->base,TriviaMC,14,xmodel_margin_logit,0.8168345741229924,
finetuned->base,TriviaMC,15,xmodel_margin_logit,0.7972122986017998,
finetuned->base,TriviaMC,16,xmodel_margin_logit,0.8228336707482306,
finetuned->base,TriviaMC,17,xmodel_margin_logit,0.8253992321033429,
finetuned->base,TriviaMC,18,xmodel_margin_logit,0.8311819082345537,
finetuned->base,TriviaMC,19,xmodel_margin_logit,0.8258452092120706,
finetuned->base,TriviaMC,20,xmodel_margin_logit,0.7475497916906506,
finetuned->base,TriviaMC,21,xmodel_margin_logit,0.8019997874398932,
finetuned->base,TriviaMC,22,xmodel_margin_logit,0.8216603945344366,
finetuned->base,TriviaMC,23,xmodel_margin_logit,0.829134462799124,
finetuned->base,TriviaMC,24,xmodel_margin_logit,0.8263389005583259,
finetuned->base,TriviaMC,25,xmodel_margin_logit,0.8438881454579381,
finetuned->base,TriviaMC,26,xmodel_margin_logit,0.8511845944553145,
finetuned->base,TriviaMC,27,xmodel_margin_logit,0.8572754440450316,
finetuned->base,TriviaMC,28,xmodel_margin_logit,0.8560262048205766,
finetuned->base,TriviaMC,29,xmodel_margin_logit,0.871937957116241,
finetuned->base,TriviaMC,30,xmodel_margin_logit,0.8751026055293571,
finetuned->base,TriviaMC,31,xmodel_margin_logit,0.8065100382253587,
finetuned->base,TriviaMC,0,xmodel_stated_confidence,0.005810354693060238,
finetuned->base,TriviaMC,1,xmodel_stated_confidence,0.01977449961512856,
finetuned->base,TriviaMC,2,xmodel_stated_confidence,0.043728664667701755,
finetuned->base,TriviaMC,3,xmodel_stated_confidence,0.08667527876400238,
finetuned->base,TriviaMC,4,xmodel_stated_confidence,0.07868245805719642,
finetuned->base,TriviaMC,5,xmodel_stated_confidence,0.09648894650834905,
finetuned->base,TriviaMC,6,xmodel_stated_confidence,0.06282335305242093,
finetuned->base,TriviaMC,7,xmodel_stated_confidence,0.08055388353517345,
finetuned->base,TriviaMC,8,xmodel_stated_confidence,0.10911481310013038,
finetuned->base,TriviaMC,9,xmodel_stated_confidence,0.16368316058176258,
finetuned->base,TriviaMC,10,xmodel_stated_confidence,0.16176294857498819,
finetuned->base,TriviaMC,11,xmodel_stated_confidence,0.13696393794525497,
finetuned->base,TriviaMC,12,xmodel_stated_confidence,0.24979497830475017,
finetuned->base,TriviaMC,13,xmodel_stated_confidence,0.3511768457275031,
finetuned->base,TriviaMC,14,xmodel_stated_confidence,0.3540308009500617,
finetuned->base,TriviaMC,15,xmodel_stated_confidence,0.336872201317573,
finetuned->base,TriviaMC,16,xmodel_stated_confidence,0.2662057761486052,
finetuned->base,TriviaMC,17,xmodel_stated_confidence,0.2719615622724597,
finetuned->base,TriviaMC,18,xmodel_stated_confidence,0.2685909419922604,
finetuned->base,TriviaMC,19,xmodel_stated_confidence,0.2980154596601211,
finetuned->base,TriviaMC,20,xmodel_stated_confidence,0.2897866619886631,
finetuned->base,TriviaMC,21,xmodel_stated_confidence,0.3203013212311555,
finetuned->base,TriviaMC,22,xmodel_stated_confidence,0.3051759337061716,
finetuned->base,TriviaMC,23,xmodel_stated_confidence,0.3494187912145945,
finetuned->base,TriviaMC,24,xmodel_stated_confidence,0.2996587266781503,
finetuned->base,TriviaMC,25,xmodel_stated_confidence,0.3062389043049548,
finetuned->base,TriviaMC,26,xmodel_stated_confidence,0.2996577624030643,
finetuned->base,TriviaMC,27,xmodel_stated_confidence,0.3129366439319782,
finetuned->base,TriviaMC,28,xmodel_stated_confidence,0.33281514606708307,
finetuned->base,TriviaMC,29,xmodel_stated_confidence,0.35899034279627706,
finetuned->base,TriviaMC,30,xmodel_stated_confidence,0.35058473358819264,
finetuned->base,TriviaMC,31,xmodel_stated_confidence,0.2825427768637201,
finetuned->base,TriviaMC,0,xmodel_entropy,0.059990584288201365,
finetuned->base,TriviaMC,1,xmodel_entropy,0.11365305710322648,
finetuned->base,TriviaMC,2,xmodel_entropy,0.12428244036645708,
finetuned->base,TriviaMC,3,xmodel_entropy,0.15477812828245896,
finetuned->base,TriviaMC,4,xmodel_entropy,0.1790970243375487,
finetuned->base,TriviaMC,5,xmodel_entropy,0.17226898676235392,
finetuned->base,TriviaMC,6,xmodel_entropy,0.14573720871071283,
finetuned->base,TriviaMC,7,xmodel_entropy,0.14275212178211738,
finetuned->base,TriviaMC,8,xmodel_entropy,0.21825878035626156,
finetuned->base,TriviaMC,9,xmodel_entropy,0.16891951951837514,
finetuned->base,TriviaMC,10,xmodel_entropy,0.22570620735245261,
finetuned->base,TriviaMC,11,xmodel_entropy,0.2521923500217632,
finetuned->base,TriviaMC,12,xmodel_entropy,0.30955263412682665,
finetuned->base,TriviaMC,13,xmodel_entropy,0.6694941513111448,
finetuned->base,TriviaMC,14,xmodel_entropy,0.8632799105812057,
finetuned->base,TriviaMC,15,xmodel_entropy,0.8487707626050608,
finetuned->base,TriviaMC,16,xmodel_entropy,0.8363697560219572,
finetuned->base,TriviaMC,17,xmodel_entropy,0.9071816760263677,
finetuned->base,TriviaMC,18,xmodel_entropy,0.8939951440711716,
finetuned->base,TriviaMC,19,xmodel_entropy,0.9103333404084109,
finetuned->base,TriviaMC,20,xmodel_entropy,0.9027421765493822,
finetuned->base,TriviaMC,21,xmodel_entropy,0.925612014878111,
finetuned->base,TriviaMC,22,xmodel_entropy,0.9287497860770888,
finetuned->base,TriviaMC,23,xmodel_entropy,0.9383562631830473,
finetuned->base,TriviaMC,24,xmodel_entropy,0.9233139533294605,
finetuned->base,TriviaMC,25,xmodel_entropy,0.9253107077557334,
finetuned->base,TriviaMC,26,xmodel_entropy,0.911481500727441,
finetuned->base,TriviaMC,27,xmodel_entropy,0.9248579436216852,
finetuned->base,TriviaMC,28,xmodel_entropy,0.9195020497305263,
finetuned->base,TriviaMC,29,xmodel_entropy,0.9300803758458998,
finetuned->base,TriviaMC,30,xmodel_entropy,0.9175965172870069,
finetuned->base,TriviaMC,31,xmodel_entropy,0.8737090722892885,
finetuned->instruct,TriviaMC,0,xmodel_margin_logit,0.15921300826299534,
finetuned->instruct,TriviaMC,1,xmodel_margin_logit,0.24505931773108502,
finetuned->instruct,TriviaMC,2,xmodel_margin_logit,0.29930143709823986,
finetuned->instruct,TriviaMC,3,xmodel_margin_logit,0.3399124205122912,
finetuned->instruct,TriviaMC,4,xmodel_margin_logit,0.3557952058458621,
finetuned->instruct,TriviaMC,5,xmodel_margin_logit,0.35841226095854795,
finetuned->instruct,TriviaMC,6,xmodel_margin_logit,0.36183538777650515,
finetuned->instruct,TriviaMC,7,xmodel_margin_logit,0.4786465077126356,
finetuned->instruct,TriviaMC,8,xmodel_margin_logit,0.4382437316946469,
finetuned->instruct,TriviaMC,9,xmodel_margin_logit,0.5151389323251172,
finetuned->instruct,TriviaMC,10,xmodel_margin_logit,0.5746627319126623,
finetuned->instruct,TriviaMC,11,xmodel_margin_logit,0.6148554830693896,
finetuned->instruct,TriviaMC,12,xmodel_margin_logit,0.7193221945440544,
finetuned->instruct,TriviaMC,13,xmodel_margin_logit,0.8353422054664971,
finetuned->instruct,TriviaMC,14,xmodel_margin_logit,0.899783476195148,
finetuned->instruct,TriviaMC,15,xmodel_margin_logit,0.9103736957553149,
finetuned->instruct,TriviaMC,16,xmodel_margin_logit,0.9128403346016595,
finetuned->instruct,TriviaMC,17,xmodel_margin_logit,0.95334666618823,
finetuned->instruct,TriviaMC,18,xmodel_margin_logit,0.962435022886337,
finetuned->instruct,TriviaMC,19,xmodel_margin_logit,0.9640133612286297,
finetuned->instruct,TriviaMC,20,xmodel_margin_logit,0.9725391885749002,
finetuned->instruct,TriviaMC,21,xmodel_margin_logit,0.9689884660333652,
finetuned->instruct,TriviaMC,22,xmodel_margin_logit,0.967839429740941,
finetuned->instruct,TriviaMC,23,xmodel_margin_logit,0.9672032216788907,
finetuned->instruct,TriviaMC,24,xmodel_margin_logit,0.9725168270173663,
finetuned->instruct,TriviaMC,25,xmodel_margin_logit,0.976632603598797,
finetuned->instruct,TriviaMC,26,xmodel_margin_logit,0.976331663937607,
finetuned->instruct,TriviaMC,27,xmodel_margin_logit,0.9755447187136561,
finetuned->instruct,TriviaMC,28,xmodel_margin_logit,0.9750175560509551,
finetuned->instruct,TriviaMC,29,xmodel_margin_logit,0.9767235635334377,
finetuned->instruct,TriviaMC,30,xmodel_margin_logit,0.9785832062619931,
finetuned->instruct,TriviaMC,31,xmodel_margin_logit,0.9698702095986313,
finetuned->instruct,TriviaMC,0,xmodel_stated_confidence,0.007781149260666198,
finetuned->instruct,TriviaMC,1,xmodel_stated_confidence,0.020779645834483884,
finetuned->instruct,TriviaMC,2,xmodel_stated_confidence,0.04632064776858735,
finetuned->instruct,TriviaMC,3,xmodel_stated_confidence,0.06585268355140594,
finetuned->instruct,TriviaMC,4,xmodel_stated_confidence,0.06811016667286562,
finetuned->instruct,TriviaMC,5,xmodel_stated_confidence,0.08406605518969679,
finetuned->instruct,TriviaMC,6,xmodel_stated_confidence,0.09778009170315749,
finetuned->instruct,TriviaMC,7,xmodel_stated_confidence,0.12810862452366822,
finetuned->instruct,TriviaMC,8,xmodel_stated_confidence,0.1764437575259219,
finetuned->instruct,TriviaMC,9,xmodel_stated_confidence,0.1931802209339195,
finetuned->instruct,TriviaMC,10,xmodel_stated_confidence,0.25635055317516675,
finetuned->instruct,TriviaMC,11,xmodel_stated_confidence,0.27121246380917297,
finetuned->instruct,TriviaMC,12,xmodel_stated_confidence,0.31386991928928365,
finetuned->instruct,TriviaMC,13,xmodel_stated_confidence,0.349466064799266,
finetuned->instruct,TriviaMC,14,xmodel_stated_confidence,0.3366841892212521,
finetuned->instruct,TriviaMC,15,xmodel_stated_confidence,0.3517955473192924,
finetuned->instruct,TriviaMC,16,xmodel_stated_confidence,0.35082602144050445,
finetuned->instruct,TriviaMC,17,xmodel_stated_confidence,0.3444532327226859,
finetuned->instruct,TriviaMC,18,xmodel_stated_confidence,0.33780543622967174,
finetuned->instruct,TriviaMC,19,xmodel_stated_confidence,0.33341030433487495,
finetuned->instruct,TriviaMC,20,xmodel_stated_confidence,0.33164752027824607,
finetuned->instruct,TriviaMC,21,xmodel_stated_confidence,0.32985157961396416,
finetuned->instruct,TriviaMC,22,xmodel_stated_confidence,0.3192230403250115,
finetuned->instruct,TriviaMC,23,xmodel_stated_confidence,0.3254061718142103,
finetuned->instruct,TriviaMC,24,xmodel_stated_confidence,0.3171946619143988,
finetuned->instruct,TriviaMC,25,xmodel_stated_confidence,0.32036392085906285,
finetuned->instruct,TriviaMC,26,xmodel_stated_confidence,0.3249765934333555,
finetuned->instruct,TriviaMC,27,xmodel_stated_confidence,0.3264056228219189,
finetuned->instruct,TriviaMC,28,xmodel_stated_confidence,0.32709398475063267,
finetuned->instruct,TriviaMC,29,xmodel_stated_confidence,0.32812115070834547,
finetuned->instruct,TriviaMC,30,xmodel_stated_confidence,0.3278850828650659,
finetuned->instruct,TriviaMC,31,xmodel_stated_confidence,0.3253925771685219,
finetuned->instruct,TriviaMC,0,xmodel_entropy,0.13747756432172265,
finetuned->instruct,TriviaMC,1,xmodel_entropy,0.21505094263719315,
finetuned->instruct,TriviaMC,2,xmodel_entropy,0.2576489269840616,
finetuned->instruct,TriviaMC,3,xmodel_entropy,0.30266315260436427,
finetuned->instruct,TriviaMC,4,xmodel_entropy,0.3064935171858104,
finetuned->instruct,TriviaMC,5,xmodel_entropy,0.30910500620548365,
finetuned->instruct,TriviaMC,6,xmodel_entropy,0.32094309673946897,
finetuned->instruct,TriviaMC,7,xmodel_entropy,0.4285631444856258,
finetuned->instruct,TriviaMC,8,xmodel_entropy,0.3874603916525339,
finetuned->instruct,TriviaMC,9,xmodel_entropy,0.38975061717687465,
finetuned->instruct,TriviaMC,10,xmodel_entropy,0.4339525371226455,
finetuned->instruct,TriviaMC,11,xmodel_entropy,0.5212582936888666,
finetuned->instruct,TriviaMC,12,xmodel_entropy,0.6045529207498631,
finetuned->instruct,TriviaMC,13,xmodel_entropy,0.695927777530836,
finetuned->instruct,TriviaMC,14,xmodel_entropy,0.7761557039498848,
finetuned->instruct,TriviaMC,15,xmodel_entropy,0.8295251296746327,
finetuned->instruct,TriviaMC,16,xmodel_entropy,0.8338183523799468,
finetuned->instruct,TriviaMC,17,xmodel_entropy,0.8655491983898974,
finetuned->instruct,TriviaMC,18,xmodel_entropy,0.8836602400021504,
finetuned->instruct,TriviaMC,19,xmodel_entropy,0.9186301110901278,
finetuned->instruct,TriviaMC,20,xmodel_entropy,0.9209764099033975,
finetuned->instruct,TriviaMC,21,xmodel_entropy,0.9238941708298183,
finetuned->instruct,TriviaMC,22,xmodel_entropy,0.9256328293974281,
finetuned->instruct,TriviaMC,23,xmodel_entropy,0.9248953347009732,
finetuned->instruct,TriviaMC,24,xmodel_entropy,0.926318099344095,
finetuned->instruct,TriviaMC,25,xmodel_entropy,0.9276389307270146,
finetuned->instruct,TriviaMC,26,xmodel_entropy,0.9268284815465783,
finetuned->instruct,TriviaMC,27,xmodel_entropy,0.9286296199603582,
finetuned->instruct,TriviaMC,28,xmodel_entropy,0.9277650648040424,
finetuned->instruct,TriviaMC,29,xmodel_entropy,0.9323949347994206,
finetuned->instruct,TriviaMC,30,xmodel_entropy,0.9329479528836331,
finetuned->instruct,TriviaMC,31,xmodel_entropy,0.9147820334682294,
