{
  "method": "mean_diff",
  "target": "stated_confidence",
  "quantile": 0.25,
  "num_samples": 500,
  "num_layers": 32,
  "token_midpoints": {
    "S": 0.025,
    "T": 0.075,
    "U": 0.15,
    "V": 0.3,
    "W": 0.5,
    "X": 0.7,
    "Y": 0.85,
    "Z": 0.95
  },
  "token_distribution": {
    "S": 0,
    "T": 0,
    "U": 3,
    "V": 31,
    "W": 9,
    "X": 4,
    "Y": 9,
    "Z": 444
  },
  "confidence_stats": {
    "mean": 0.8929999999999999,
    "std": 0.176383105766964,
    "min": 0.15,
    "max": 0.95,
    "median": 0.95
  },
  "per_layer": [
    {
      "layer": 0,
      "magnitude": 0.00336456298828125,
      "signal_strength": 0.00336456298828125,
      "norm": 0.99951171875,
      "r2": 0.012240687647821673,
      "corr": 0.11063764118880008,
      "corr_pvalue": 0.013310775604165125,
      "p_value": 0.013310775604165125,
      "n_low": 125,
      "n_high": 125,
      "confidence_mean_low": 0.7219999999999999,
      "confidence_mean_high": 0.9499999999999998,
      "cluster_tightness_low": 0.0223388671875,
      "cluster_tightness_high": 0.0204010009765625
    },
    {
      "layer": 1,
      "magnitude": 0.0058746337890625,
      "signal_strength": 0.0058746337890625,
      "norm": 1.0,
      "r2": 0.016432467809343477,
      "corr": 0.1281891875679984,
      "corr_pvalue": 0.004090760490352444,
      "p_value": 0.004090760490352444,
      "n_low": 125,
      "n_high": 125,
      "confidence_mean_low": 0.7219999999999999,
      "confidence_mean_high": 0.9499999999999998,
      "cluster_tightness_low": 0.04559326171875,
      "cluster_tightness_high": 0.042694091796875
    },
    {
      "layer": 2,
      "magnitude": 0.0096435546875,
      "signal_strength": 0.0096435546875,
      "norm": 1.0,
      "r2": 0.018218621101262,
      "corr": 0.13497637238147275,
      "corr_pvalue": 0.0024907662102127,
      "p_value": 0.0024907662102127,
      "n_low": 125,
      "n_high": 125,
      "confidence_mean_low": 0.7219999999999999,
      "confidence_mean_high": 0.9499999999999998,
      "cluster_tightness_low": 0.07403564453125,
      "cluster_tightness_high": 0.0712890625
    },
    {
      "layer": 3,
      "magnitude": 0.0165863037109375,
      "signal_strength": 0.0165863037109375,
      "norm": 1.0,
      "r2": 0.03132910612023235,
      "corr": 0.17700029977441378,
      "corr_pvalue": 6.908832717724645e-05,
      "p_value": 6.908832717724645e-05,
      "n_low": 125,
      "n_high": 125,
      "confidence_mean_low": 0.7219999999999999,
      "confidence_mean_high": 0.9499999999999998,
      "cluster_tightness_low": 0.1275634765625,
      "cluster_tightness_high": 0.12066650390625
    },
    {
      "layer": 4,
      "magnitude": 0.0220184326171875,
      "signal_strength": 0.0220184326171875,
      "norm": 1.0,
      "r2": 0.030423862079800055,
      "corr": 0.1744243735256058,
      "corr_pvalue": 8.833627182259539e-05,
      "p_value": 8.833627182259539e-05,
      "n_low": 125,
      "n_high": 125,
      "confidence_mean_low": 0.7219999999999999,
      "confidence_mean_high": 0.9499999999999998,
      "cluster_tightness_low": 0.16162109375,
      "cluster_tightness_high": 0.1583251953125
    },
    {
      "layer": 5,
      "magnitude": 0.026580810546875,
      "signal_strength": 0.026580810546875,
      "norm": 0.99951171875,
      "r2": 0.03077559548236256,
      "corr": 0.1754297451470604,
      "corr_pvalue": 8.028979213328185e-05,
      "p_value": 8.028979213328185e-05,
      "n_low": 125,
      "n_high": 125,
      "confidence_mean_low": 0.7219999999999999,
      "confidence_mean_high": 0.9499999999999998,
      "cluster_tightness_low": 0.195068359375,
      "cluster_tightness_high": 0.1922607421875
    },
    {
      "layer": 6,
      "magnitude": 0.0274810791015625,
      "signal_strength": 0.0274810791015625,
      "norm": 1.0,
      "r2": 0.03558772107031643,
      "corr": 0.1886470807362691,
      "corr_pvalue": 2.177170042085678e-05,
      "p_value": 2.177170042085678e-05,
      "n_low": 125,
      "n_high": 125,
      "confidence_mean_low": 0.7219999999999999,
      "confidence_mean_high": 0.9499999999999998,
      "cluster_tightness_low": 0.202880859375,
      "cluster_tightness_high": 0.200439453125
    },
    {
      "layer": 7,
      "magnitude": 0.03216552734375,
      "signal_strength": 0.03216552734375,
      "norm": 1.0,
      "r2": 0.0362752485013915,
      "corr": 0.19046062191800042,
      "corr_pvalue": 1.8071305357269835e-05,
      "p_value": 1.8071305357269835e-05,
      "n_low": 125,
      "n_high": 125,
      "confidence_mean_low": 0.7219999999999999,
      "confidence_mean_high": 0.9499999999999998,
      "cluster_tightness_low": 0.24365234375,
      "cluster_tightness_high": 0.241943359375
    },
    {
      "layer": 8,
      "magnitude": 0.04498291015625,
      "signal_strength": 0.04498291015625,
      "norm": 1.0,
      "r2": 0.039312576140618005,
      "corr": 0.1982739925976627,
      "corr_pvalue": 7.93733178489355e-06,
      "p_value": 7.93733178489355e-06,
      "n_low": 125,
      "n_high": 125,
      "confidence_mean_low": 0.7219999999999999,
      "confidence_mean_high": 0.9499999999999998,
      "cluster_tightness_low": 0.29248046875,
      "cluster_tightness_high": 0.28955078125
    },
    {
      "layer": 9,
      "magnitude": 0.055908203125,
      "signal_strength": 0.055908203125,
      "norm": 1.0,
      "r2": 0.03433770677332682,
      "corr": 0.18530436253182714,
      "corr_pvalue": 3.055054411959941e-05,
      "p_value": 3.055054411959941e-05,
      "n_low": 125,
      "n_high": 125,
      "confidence_mean_low": 0.7219999999999999,
      "confidence_mean_high": 0.9499999999999998,
      "cluster_tightness_low": 0.353515625,
      "cluster_tightness_high": 0.3515625
    },
    {
      "layer": 10,
      "magnitude": 0.061920166015625,
      "signal_strength": 0.061920166015625,
      "norm": 1.0,
      "r2": 0.030736805966843212,
      "corr": 0.1753191545919704,
      "corr_pvalue": 8.113985004655026e-05,
      "p_value": 8.113985004655026e-05,
      "n_low": 125,
      "n_high": 125,
      "confidence_mean_low": 0.7219999999999999,
      "confidence_mean_high": 0.9499999999999998,
      "cluster_tightness_low": 0.42919921875,
      "cluster_tightness_high": 0.431884765625
    },
    {
      "layer": 11,
      "magnitude": 0.0733642578125,
      "signal_strength": 0.0733642578125,
      "norm": 0.99951171875,
      "r2": 0.036290339414561223,
      "corr": 0.19050023468374316,
      "corr_pvalue": 1.7997569934822238e-05,
      "p_value": 1.7997569934822238e-05,
      "n_low": 125,
      "n_high": 125,
      "confidence_mean_low": 0.7219999999999999,
      "confidence_mean_high": 0.9499999999999998,
      "cluster_tightness_low": 0.468994140625,
      "cluster_tightness_high": 0.47412109375
    },
    {
      "layer": 12,
      "magnitude": 0.11346435546875,
      "signal_strength": 0.11346435546875,
      "norm": 1.0,
      "r2": 0.12381456769176179,
      "corr": 0.3518729425400052,
      "corr_pvalue": 5.09552183995963e-16,
      "p_value": 5.09552183995963e-16,
      "n_low": 125,
      "n_high": 125,
      "confidence_mean_low": 0.7219999999999999,
      "confidence_mean_high": 0.9499999999999998,
      "cluster_tightness_low": 0.5458984375,
      "cluster_tightness_high": 0.55908203125
    },
    {
      "layer": 13,
      "magnitude": 0.435791015625,
      "signal_strength": 0.435791015625,
      "norm": 1.0,
      "r2": 0.19284970651470087,
      "corr": 0.43914656609690217,
      "corr_pvalue": 5.477509379833904e-25,
      "p_value": 5.477509379833904e-25,
      "n_low": 125,
      "n_high": 125,
      "confidence_mean_low": 0.7219999999999999,
      "confidence_mean_high": 0.9499999999999998,
      "cluster_tightness_low": 1.08984375,
      "cluster_tightness_high": 1.1279296875
    },
    {
      "layer": 14,
      "magnitude": 0.58154296875,
      "signal_strength": 0.58154296875,
      "norm": 1.0,
      "r2": 0.24443025050520917,
      "corr": 0.4943988779368428,