{
  "method": "mean_diff",
  "target": "stated_confidence",
  "quantile": 0.25,
  "num_samples": 500,
  "num_layers": 32,
  "token_midpoints": {
    "S": 0.025,
    "T": 0.075,
    "U": 0.15,
    "V": 0.3,
    "W": 0.5,
    "X": 0.7,
    "Y": 0.85,
    "Z": 0.95
  },
  "token_distribution": {
    "S": 21,
    "T": 2,
    "U": 10,
    "V": 181,
    "W": 6,
    "X": 200,
    "Y": 35,
    "Z": 45
  },
  "confidence_stats": {
    "mean": 0.5439499999999999,
    "std": 0.2607626267316695,
    "min": 0.025,
    "max": 0.95,
    "median": 0.7
  },
  "per_layer": [
    {
      "layer": 0,
      "magnitude": 0.004611968994140625,
      "signal_strength": 0.004611968994140625,
      "norm": 1.0,
      "r2": 0.053623827037369426,
      "corr": 0.23156819090144792,
      "corr_pvalue": 1.6373557542170147e-07,
      "p_value": 1.6373557542170147e-07,
      "n_low": 125,
      "n_high": 125,
      "confidence_mean_low": 0.23819999999999997,
      "confidence_mean_high": 0.8319999999999999,
      "cluster_tightness_low": 0.0196685791015625,
      "cluster_tightness_high": 0.021392822265625
    },
    {
      "layer": 1,
      "magnitude": 0.0076446533203125,
      "signal_strength": 0.0076446533203125,
      "norm": 0.99951171875,
      "r2": 0.06942239892388705,
      "corr": 0.26348130659287206,
      "corr_pvalue": 2.191800684109337e-09,
      "p_value": 2.191800684109337e-09,
      "n_low": 125,
      "n_high": 125,
      "confidence_mean_low": 0.23819999999999997,
      "confidence_mean_high": 0.8319999999999999,
      "cluster_tightness_low": 0.04010009765625,
      "cluster_tightness_high": 0.043182373046875
    },
    {
      "layer": 2,
      "magnitude": 0.011688232421875,
      "signal_strength": 0.011688232421875,
      "norm": 0.99951171875,
      "r2": 0.09532423363069638,
      "corr": 0.3087462285287002,
      "corr_pvalue": 1.6686527181054148e-12,
      "p_value": 1.6686527181054148e-12,
      "n_low": 125,
      "n_high": 125,
      "confidence_mean_low": 0.23819999999999997,
      "confidence_mean_high": 0.8319999999999999,
      "cluster_tightness_low": 0.06732177734375,
      "cluster_tightness_high": 0.0711669921875
    },
    {
      "layer": 3,
      "magnitude": 0.0206298828125,
      "signal_strength": 0.0206298828125,
      "norm": 1.0,
      "r2": 0.1179097833424466,
      "corr": 0.34337994021556734,
      "corr_pvalue": 2.778424846383225e-15,
      "p_value": 2.778424846383225e-15,
      "n_low": 125,
      "n_high": 125,
      "confidence_mean_low": 0.23819999999999997,
      "confidence_mean_high": 0.8319999999999999,
      "cluster_tightness_low": 0.1229248046875,
      "cluster_tightness_high": 0.1280517578125
    },
    {
      "layer": 4,
      "magnitude": 0.0274505615234375,
      "signal_strength": 0.0274505615234375,
      "norm": 1.0,
      "r2": 0.13141501477400974,
      "corr": 0.36251208914187916,
      "corr_pvalue": 5.655730212953448e-17,
      "p_value": 5.655730212953448e-17,
      "n_low": 125,
      "n_high": 125,
      "confidence_mean_low": 0.23819999999999997,
      "confidence_mean_high": 0.8319999999999999,
      "cluster_tightness_low": 0.1591796875,
      "cluster_tightness_high": 0.1636962890625
    },
    {
      "layer": 5,
      "magnitude": 0.033111572265625,
      "signal_strength": 0.033111572265625,
      "norm": 1.0,
      "r2": 0.1033225777435826,
      "corr": 0.3214382953905502,
      "corr_pvalue": 1.758713227145885e-13,
      "p_value": 1.758713227145885e-13,
      "n_low": 125,
      "n_high": 125,
      "confidence_mean_low": 0.23819999999999997,
      "confidence_mean_high": 0.8319999999999999,
      "cluster_tightness_low": 0.1903076171875,
      "cluster_tightness_high": 0.195556640625
    },
    {
      "layer": 6,
      "magnitude": 0.032501220703125,
      "signal_strength": 0.032501220703125,
      "norm": 1.0,
      "r2": 0.13558160342829373,
      "corr": 0.36821407282760626,
      "corr_pvalue": 1.6823294569596612e-17,
      "p_value": 1.6823294569596612e-17,
      "n_low": 125,
      "n_high": 125,
      "confidence_mean_low": 0.23819999999999997,
      "confidence_mean_high": 0.8319999999999999,
      "cluster_tightness_low": 0.193115234375,
      "cluster_tightness_high": 0.19921875
    },
    {
      "layer": 7,
      "magnitude": 0.03936767578125,
      "signal_strength": 0.03936767578125,
      "norm": 1.0,
      "r2": 0.10672167374710559,
      "corr": 0.32668283356660416,
      "corr_pvalue": 6.725178121529986e-14,
      "p_value": 6.725178121529986e-14,
      "n_low": 125,
      "n_high": 125,
      "confidence_mean_low": 0.23819999999999997,
      "confidence_mean_high": 0.8319999999999999,
      "cluster_tightness_low": 0.228271484375,
      "cluster_tightness_high": 0.236328125
    },
    {
      "layer": 8,
      "magnitude": 0.0528564453125,
      "signal_strength": 0.0528564453125,
      "norm": 0.99951171875,
      "r2": 0.1391800237164059,
      "corr": 0.37306839013297,
      "corr_pvalue": 5.8786109186563894e-18,
      "p_value": 5.8786109186563894e-18,
      "n_low": 125,
      "n_high": 125,
      "confidence_mean_low": 0.23819999999999997,
      "confidence_mean_high": 0.8319999999999999,
      "cluster_tightness_low": 0.27392578125,
      "cluster_tightness_high": 0.279541015625
    },
    {
      "layer": 9,
      "magnitude": 0.06463623046875,
      "signal_strength": 0.06463623046875,
      "norm": 1.0,
      "r2": 0.13268732083998613,
      "corr": 0.3642627085497308,
      "corr_pvalue": 3.9078428920377264e-17,
      "p_value": 3.9078428920377264e-17,
      "n_low": 125,
      "n_high": 125,
      "confidence_mean_low": 0.23819999999999997,
      "confidence_mean_high": 0.8319999999999999,
      "cluster_tightness_low": 0.322021484375,
      "cluster_tightness_high": 0.33251953125
    },
    {
      "layer": 10,
      "magnitude": 0.0723876953125,
      "signal_strength": 0.0723876953125,
      "norm": 1.0,
      "r2": 0.12628744162033292,
      "corr": 0.355369443847291,
      "corr_pvalue": 2.4968247364368506e-16,
      "p_value": 2.4968247364368506e-16,
      "n_low": 125,
      "n_high": 125,
      "confidence_mean_low": 0.23819999999999997,
      "confidence_mean_high": 0.8319999999999999,
      "cluster_tightness_low": 0.386474609375,
      "cluster_tightness_high": 0.397705078125
    },
    {
      "layer": 11,
      "magnitude": 0.07281494140625,
      "signal_strength": 0.07281494140625,
      "norm": 1.0,
      "r2": 0.15163977347417115,
      "corr": 0.38940951898248605,
      "corr_pvalue": 1.494391473854389e-19,
      "p_value": 1.494391473854389e-19,
      "n_low": 125,
      "n_high": 125,
      "confidence_mean_low": 0.23819999999999997,
      "confidence_mean_high": 0.8319999999999999,
      "cluster_tightness_low": 0.41943359375,
      "cluster_tightness_high": 0.426025390625
    },
    {
      "layer": 12,
      "magnitude": 0.1063232421875,
      "signal_strength": 0.1063232421875,
      "norm": 1.0,
      "r2": 0.3185298847416772,
      "corr": 0.56438451851701,
      "corr_pvalue": 2.127895992257696e-43,
      "p_value": 2.127895992257696e-43,
      "n_low": 125,
      "n_high": 125,
      "confidence_mean_low": 0.23819999999999997,
      "confidence_mean_high": 0.8319999999999999,
      "cluster_tightness_low": 0.458984375,
      "cluster_tightness_high": 0.4580078125
    },
    {
      "layer": 13,
      "magnitude": 0.371337890625,
      "signal_strength": 0.371337890625,
      "norm": 0.99951171875,
      "r2": 0.39343243234083436,
      "corr": 0.6272419248908944,
      "corr_pvalue": 4.912023796040252e-56,
      "p_value": 4.912023796040252e-56,
      "n_low": 125,
      "n_high": 125,
      "confidence_mean_low": 0.23819999999999997,
      "confidence_mean_high": 0.8319999999999999,
      "cluster_tightness_low": 0.6787109375,
      "cluster_tightness_high": 0.72021484375
    },
    {
      "layer": 14,
      "magnitude": 0.7607421875,
      "signal_strength": 0.7607421875,
      "norm": 1.0,
      "r2": 0.44503139152912324,